State,FIPS,County,Year,Days with AQI,Good Days,Moderate Days,Unhealthy for Sensitive Groups Days,Unhealthy Days,Very Unhealthy Days,Hazardous Days,Max AQI,90th Percentile AQI,Median AQI,Days CO,Days NO2,Days Ozone,Days SO2,Days PM2.5,Days PM10
Alabama,01003,Baldwin,2019,271,237,34,0,0,0,0,80,52,37,0,0,220,0,51,0
Alabama,01027,Clay,2019,107,97,10,0,0,0,0,67,50,30,0,0,0,0,107,0
Alabama,01033,Colbert,2019,263,252,11,0,0,0,0,61,47,37,0,0,228,0,35,0
Alabama,01049,DeKalb,2019,361,324,37,0,0,0,0,90,51,39,0,0,331,0,30,0
Alabama,01051,Elmore,2019,228,208,20,0,0,0,0,100,50,39,0,0,228,0,0,0
Alabama,01055,Etowah,2019,279,232,47,0,0,0,0,90,58,43,0,0,218,0,61,0
Alabama,01069,Houston,2019,280,256,24,0,0,0,0,77,50,35,0,0,208,0,72,0
Alabama,01073,Jefferson,2019,365,157,195,13,0,0,0,150,79,53,0,2,122,4,236,1
Alabama,,Lawrence,2019,112,111,1,0,0,0,0,53,38,24,0,0,0,0,112,0
Alabama,01089,Madison,2019,361,255,106,0,0,0,0,93,58,44,0,0,155,0,199,7
Alabama,01097,Mobile,2019,364,258,106,0,0,0,0,80,60,42,0,0,105,16,243,0
Alabama,01101,Montgomery,2019,365,171,193,1,0,0,0,122,67,52,0,0,50,0,314,1
Alabama,01103,Morgan,2019,365,306,59,0,0,0,0,93,54,41,0,0,195,0,170,0
Alabama,01113,Russell,2019,363,268,95,0,0,0,0,84,59,40,0,0,116,0,247,0
Alabama,01117,Shelby,2019,359,308,44,7,0,0,0,119,58,34,0,0,232,127,0,0
Alabama,01119,Sumter,2019,361,335,26,0,0,0,0,64,48,32,0,0,183,10,168,0
Alabama,01125,Tuscaloosa,2019,264,240,24,0,0,0,0,87,50,35,0,0,188,0,76,0
Alaska,,Aleutians East ,2019,121,121,0,0,0,0,0,47,22,10,0,0,0,0,121,0
Alaska,02020,Anchorage ,2019,365,289,67,5,4,0,0,160,63,27,8,0,0,0,252,105
Alaska,02050,Bethel ,2019,317,304,11,1,1,0,0,176,31,10,0,0,0,0,186,131
Alaska,02068,Denali ,2019,360,356,4,0,0,0,0,80,44,36,0,0,351,0,9,0
Alaska,02090,Fairbanks North Star ,2019,365,230,96,18,16,1,4,377,103,38,0,13,130,1,215,6
Alaska,02110,Juneau ,2019,362,308,51,3,0,0,0,145,55,20,0,0,0,0,335,27
Alaska,02122,Kenai Peninsula ,2019,118,115,2,1,0,0,0,140,21,8,0,0,0,0,118,0
Alaska,02170,Matanuska-Susitna ,2019,361,295,63,3,0,0,0,127,63,19,0,0,0,0,291,70
Alaska,,North Slope ,2019,110,109,1,0,0,0,0,65,11,5,0,0,0,0,110,0
Arizona,04001,Apache,2019,359,358,1,0,0,0,0,59,20,10,0,0,0,0,36,323
Arizona,04003,Cochise,2019,365,266,99,0,0,0,0,97,64,45,0,0,327,0,13,25
Arizona,04005,Coconino,2019,365,289,76,0,0,0,0,80,61,45,0,0,356,0,9,0
Arizona,04007,Gila,2019,365,145,164,50,6,0,0,187,110,60,0,0,254,104,0,7
Arizona,04012,La Paz,2019,364,304,60,0,0,0,0,77,58,44,0,0,360,0,3,1
Arizona,04013,Maricopa,2019,365,66,261,38,0,0,0,147,101,65,0,3,215,0,71,76
Arizona,04015,Mohave,2019,365,358,7,0,0,0,0,69,27,14,0,0,0,0,28,337
Arizona,04017,Navajo,2019,365,294,70,1,0,0,0,112,58,44,0,0,357,0,0,8
Arizona,04019,Pima,2019,365,225,138,2,0,0,0,103,71,47,0,1,261,0,20,83
Arizona,04021,Pinal,2019,365,123,209,21,2,3,7,886,100,63,0,0,168,0,36,161
Arizona,04023,Santa Cruz,2019,362,280,80,2,0,0,0,120,63,31,0,0,0,0,245,117
Arizona,04025,Yavapai,2019,357,299,58,0,0,0,0,87,54,43,0,0,355,0,2,0
Arizona,04027,Yuma,2019,365,265,97,3,0,0,0,129,67,45,0,0,273,0,42,50
Arkansas,05001,Arkansas,2019,118,101,17,0,0,0,0,77,53,30,0,0,0,0,118,0
Arkansas,05003,Ashley,2019,120,103,17,0,0,0,0,67,53,33,0,0,0,0,120,0
Arkansas,05007,Benton,2019,146,120,26,0,0,0,0,83,56,35,0,0,0,0,146,0
Arkansas,05019,Clark,2019,355,347,8,0,0,0,0,67,46,32,0,0,355,0,0,0
Arkansas,05031,Craighead,2019,49,43,6,0,0,0,0,61,53,30,0,0,0,0,49,0
Arkansas,05035,Crittenden,2019,365,290,74,1,0,0,0,101,57,40,0,8,205,0,152,0
Arkansas,05051,Garland,2019,121,93,28,0,0,0,0,75,54,38,0,0,0,0,121,0
Arkansas,05067,Jackson,2019,117,102,15,0,0,0,0,74,54,34,0,0,0,0,117,0
Arkansas,05101,Newton,2019,365,347,18,0,0,0,0,90,47,36,0,0,358,0,7,0
Arkansas,05113,Polk,2019,361,312,48,1,0,0,0,119,54,39,0,0,314,0,47,0
Arkansas,05119,Pulaski,2019,365,235,130,0,0,0,0,79,61,45,0,2,146,0,217,0
Arkansas,05139,Union,2019,241,196,45,0,0,0,0,98,54,35,0,0,0,0,241,0
Arkansas,05143,Washington,2019,365,284,81,0,0,0,0,96,58,43,0,0,207,0,158,0
California,06001,Alameda,2019,365,260,97,8,0,0,0,150,63,41,0,28,175,0,162,0
California,06005,Amador,2019,355,308,45,2,0,0,0,115,51,39,0,0,355,0,0,0
California,06007,Butte,2019,365,224,136,3,2,0,0,173,67,46,0,0,231,0,133,1
California,06009,Calaveras,2019,360,299,60,1,0,0,0,108,58,42,0,0,322,0,35,3
California,06011,Colusa,2019,365,294,71,0,0,0,0,83,59,39,0,0,228,0,83,54
California,06013,Contra Costa,2019,365,292,69,4,0,0,0,129,61,40,0,4,244,0,116,1
California,06015,Del Norte,2019,248,236,12,0,0,0,0,71,43,20,0,0,0,0,248,0
California,06017,El Dorado,2019,365,273,86,6,0,0,0,122,74,43,0,0,355,0,1,9
California,06019,Fresno,2019,365,139,160,64,2,0,0,187,115,60,0,3,259,0,80,23
California,06021,Glenn,2019,362,302,60,0,0,0,0,86,55,40,0,0,277,0,68,17
California,06023,Humboldt,2019,363,353,10,0,0,0,0,65,40,27,2,1,272,0,50,38
California,06025,Imperial,2019,365,125,219,19,2,0,0,185,93,58,0,1,210,0,79,75
California,06027,Inyo,2019,365,232,121,6,2,1,3,638,84,47,0,0,319,0,14,32
California,06029,Kern,2019,365,119,151,87,6,1,1,548,122,67,0,2,260,0,73,30
California,06031,Kings,2019,365,152,172,37,2,0,2,507,105,56,0,0,190,0,103,72
California,06033,Lake,2019,360,360,0,0,0,0,0,50,41,31,0,0,356,0,3,1
California,06037,Los Angeles,2019,365,66,213,57,28,1,0,201,136,71,0,36,197,0,124,8
California,06039,Madera,2019,365,189,163,13,0,0,0,140,84,50,0,0,259,0,67,39
California,06041,Marin,2019,363,337,25,1,0,0,0,133,48,33,0,15,221,0,127,0
California,06043,Mariposa,2019,365,221,130,9,5,0,0,176,84,47,0,0,296,0,68,1
California,06045,Mendocino,2019,361,334,27,0,0,0,0,77,47,33,0,0,229,0,120,12
California,06047,Merced,2019,365,213,145,7,0,0,0,119,79,48,0,0,250,0,113,2
California,06051,Mono,2019,365,270,80,6,0,0,9,3852,81,27,0,0,0,0,305,60
California,06053,Monterey,2019,365,330,34,1,0,0,0,144,50,37,2,0,288,0,61,14
California,06055,Napa,2019,363,330,31,2,0,0,0,119,49,35,2,0,265,0,96,0
California,06057,Nevada,2019,361,273,83,5,0,0,0,122,71,44,0,0,326,0,35,0
California,06059,Orange,2019,365,216,133,15,1,0,0,172,87,48,0,13,262,0,83,7
California,06061,Placer,2019,365,239,117,9,0,0,0,136,77,45,0,2,284,0,77,2
California,06063,Plumas,2019,341,248,88,5,0,0,0,138,68,25,0,0,0,0,341,0
California,06065,Riverside,2019,365,75,170,91,29,0,0,185,147,77,0,0,247,0,70,48
California,06067,Sacramento,2019,365,213,142,10,0,0,0,140,84,46,0,1,240,0,116,8
California,06069,San Benito,2019,365,326,39,0,0,0,0,90,51,38,0,0,347,0,11,7
California,06071,San Bernardino,2019,365,55,177,71,54,8,0,213,169,80,0,16,246,0,96,7
California,06073,San Diego,2019,365,87,253,23,2,0,0,169,93,64,0,2,176,0,184,3
California,06075,San Francisco,2019,365,313,51,1,0,0,0,108,52,36,0,28,172,0,165,0
California,06077,San Joaquin,2019,365,231,122,11,1,0,0,190,80,44,0,3,236,0,109,17
California,06079,San Luis Obispo,2019,365,230,132,3,0,0,0,108,74,46,0,0,282,0,45,38
California,06081,San Mateo,2019,365,327,36,2,0,0,0,122,51,35,0,21,209,0,135,0
California,06083,Santa Barbara,2019,365,286,78,1,0,0,0,105,59,43,0,0,295,0,57,13
California,06085,Santa Clara,2019,365,271,90,4,0,0,0,136,66,41,0,7,218,0,139,1
California,06087,Santa Cruz,2019,365,347,18,0,0,0,0,70,46,35,0,0,262,0,103,0
California,06089,Shasta,2019,364,311,53,0,0,0,0,100,54,42,0,0,352,0,10,2
California,06093,Siskiyou,2019,365,332,29,2,2,0,0,161,49,36,0,0,262,0,103,0
California,06095,Solano,2019,365,290,74,1,0,0,0,119,59,40,0,2,225,0,138,0
California,06097,Sonoma,2019,365,348,17,0,0,0,0,87,44,33,0,3,258,0,94,10
California,06099,Stanislaus,2019,365,201,141,22,1,0,0,177,91,49,0,0,245,0,107,13
California,06101,Sutter,2019,365,239,124,2,0,0,0,110,71,44,0,0,249,0,109,7
California,06103,Tehama,2019,365,282,83,0,0,0,0,93,64,41,0,0,323,0,41,1
California,06105,Trinity,2019,269,246,21,2,0,0,0,113,49,18,0,0,0,0,269,0
California,06107,Tulare,2019,365,127,157,78,2,1,0,280,122,66,0,2,242,0,99,22
California,06109,Tuolumne,2019,358,273,83,2,0,0,0,108,67,43,0,0,358,0,0,0
California,06111,Ventura,2019,365,214,142,9,0,0,0,126,77,46,0,5,284,0,65,11
California,06113,Yolo,2019,365,284,80,1,0,0,0,136,61,41,0,1,279,0,82,3
Colorado,08001,Adams,2019,365,223,141,1,0,0,0,132,64,47,0,48,150,0,87,80
Colorado,,Alamosa,2019,107,107,0,0,0,0,0,21,17,9,0,0,0,0,107,0
Colorado,08005,Arapahoe,2019,365,227,132,6,0,0,0,140,80,46,0,0,352,0,13,0
Colorado,08007,Archuleta,2019,363,331,30,2,0,0,0,124,50,31,0,3,186,0,0,174
Colorado,08013,Boulder,2019,365,227,133,5,0,0,0,119,74,47,0,0,269,0,96,0
Colorado,08019,Clear Creek,2019,290,205,84,1,0,0,0,112,67,46,0,0,290,0,0,0
Colorado,08029,Delta,2019,365,339,26,0,0,0,0,80,50,41,0,0,346,0,19,0
Colorado,08031,Denver,2019,365,179,183,2,1,0,0,153,74,51,0,116,151,1,97,0
Colorado,08035,Douglas,2019,361,236,114,10,1,0,0,154,77,46,0,0,304,0,57,0
Colorado,08041,El Paso,2019,365,259,106,0,0,0,0,100,67,45,0,0,345,0,18,2
Colorado,08043,Fremont,2019,32,32,0,0,0,0,0,29,23,13,0,0,0,0,0,32
Colorado,08045,Garfield,2019,365,309,56,0,0,0,0,97,54,44,0,0,363,0,2,0
Colorado,08047,Gilpin,2019,143,117,25,1,0,0,0,115,58,45,0,0,143,0,0,0
Colorado,08051,Gunnison,2019,358,279,78,1,0,0,0,101,61,45,0,0,358,0,0,0
Colorado,,Jackson,2019,102,102,0,0,0,0,0,25,13,6,0,0,0,0,102,0
Colorado,08059,Jefferson,2019,365,238,111,16,0,0,0,129,87,46,0,2,363,0,0,0
Colorado,08067,La Plata,2019,365,276,89,0,0,0,0,87,61,44,0,10,326,0,29,0
Colorado,08069,Larimer,2019,365,208,151,6,0,0,0,129,77,48,0,0,337,0,28,0
Colorado,08077,Mesa,2019,364,289,75,0,0,0,0,87,58,44,2,0,309,0,51,2
Colorado,08083,Montezuma,2019,365,279,86,0,0,0,0,97,61,46,0,0,365,0,0,0
Colorado,08097,Pitkin,2019,121,121,0,0,0,0,0,46,19,10,0,0,0,0,12,109
Colorado,08099,Prowers,2019,346,343,3,0,0,0,0,76,28,14,0,0,0,0,0,346
Colorado,08101,Pueblo,2019,126,125,1,0,0,0,0,68,31,20,0,0,0,0,75,51
Colorado,08103,Rio Blanco,2019,365,311,54,0,0,0,0,100,54,44,0,0,321,0,44,0
Colorado,08107,Routt,2019,356,353,2,1,0,0,0,137,27,13,0,0,0,0,0,356
Colorado,,San Juan,2019,116,116,0,0,0,0,0,24,14,7,0,0,0,0,116,0
Colorado,08113,San Miguel,2019,113,112,1,0,0,0,0,54,22,11,0,0,0,0,0,113
Colorado,08123,Weld,2019,365,252,110,3,0,0,0,125,69,45,0,0,236,0,129,0
Connecticut,09001,Fairfield,2019,365,262,82,18,3,0,0,161,77,43,0,9,186,0,169,1
Connecticut,09003,Hartford,2019,365,301,59,5,0,0,0,122,55,39,0,26,240,0,98,1
Connecticut,09005,Litchfield,2019,365,342,23,0,0,0,0,97,48,37,0,0,339,0,26,0
Connecticut,09007,Middlesex,2019,205,175,23,6,1,0,0,154,61,41,0,0,205,0,0,0
Connecticut,09009,New Haven,2019,365,280,71,12,2,0,0,159,67,41,0,15,247,0,99,4
Connecticut,09011,New London,2019,364,323,34,7,0,0,0,129,52,37,0,0,200,0,164,0
Connecticut,09013,Tolland,2019,212,187,20,5,0,0,0,126,54,42,0,0,212,0,0,0
Connecticut,09015,Windham,2019,360,344,15,1,0,0,0,105,46,36,0,0,360,0,0,0
Country Of Mexico,,BAJA CALIFORNIA NORTE,2019,32,5,19,8,0,0,0,144,117,72,0,0,0,0,0,32
Country Of Mexico,,SONORA,2019,358,288,65,5,0,0,0,126,61,43,0,0,358,0,0,0
Delaware,10001,Kent,2019,365,293,72,0,0,0,0,83,58,42,0,0,273,0,92,0
Delaware,10003,New Castle,2019,365,259,103,3,0,0,0,136,68,43,0,7,253,0,105,0
Delaware,10005,Sussex,2019,365,299,66,0,0,0,0,93,58,42,0,0,279,0,86,0
District Of Columbia,11001,District of Columbia,2019,365,242,118,4,1,0,0,157,71,44,0,32,221,0,112,0
Florida,12001,Alachua,2019,364,329,35,0,0,0,0,80,50,35,0,0,273,0,91,0
Florida,12003,Baker,2019,361,341,20,0,0,0,0,77,48,33,0,0,361,0,0,0
Florida,12005,Bay,2019,357,308,49,0,0,0,0,85,54,38,0,0,235,0,122,0
Florida,12009,Brevard,2019,351,336,15,0,0,0,0,90,46,36,0,0,306,0,45,0
Florida,12011,Broward,2019,363,303,60,0,0,0,0,90,54,40,2,9,165,0,187,0
Florida,12017,Citrus,2019,365,337,28,0,0,0,0,80,48,30,0,0,0,8,357,0
Florida,12021,Collier,2019,362,331,31,0,0,0,0,90,50,34,0,0,197,0,165,0
Florida,12023,Columbia,2019,363,294,69,0,0,0,0,90,58,38,0,0,207,0,156,0
Florida,12031,Duval,2019,361,248,112,1,0,0,0,114,64,43,0,0,174,0,187,0
Florida,12033,Escambia,2019,365,290,74,1,0,0,0,101,57,40,0,0,271,0,94,0
Florida,12035,Flagler,2019,270,265,5,0,0,0,0,74,45,34,0,0,270,0,0,0
Florida,12047,Hamilton,2019,349,313,36,0,0,0,0,79,51,31,0,0,0,33,316,0
Florida,12055,Highlands,2019,233,224,9,0,0,0,0,84,46,36,0,0,233,0,0,0
Florida,12057,Hillsborough,2019,365,281,78,6,0,0,0,132,64,42,0,0,211,4,150,0
Florida,12059,Holmes,2019,362,289,73,0,0,0,0,84,56,40,0,0,203,0,159,0
Florida,12061,Indian River,2019,335,324,11,0,0,0,0,90,47,36,0,0,335,0,0,0
Florida,12069,Lake,2019,330,301,28,1,0,0,0,101,50,35,0,0,330,0,0,0
Florida,12071,Lee,2019,365,328,36,1,0,0,0,108,51,36,0,0,251,0,110,4
Florida,12073,Leon,2019,360,275,84,1,0,0,0,119,58,38,0,0,168,0,192,0
Florida,12077,Liberty,2019,351,339,12,0,0,0,0,74,45,33,0,0,351,0,0,0
Florida,12081,Manatee,2019,365,333,30,2,0,0,0,108,49,36,0,0,365,0,0,0
Florida,12083,Marion,2019,365,311,54,0,0,0,0,87,54,38,0,0,236,0,129,0
Florida,12085,Martin,2019,352,323,29,0,0,0,0,84,49,35,0,0,235,0,117,0
Florida,12086,Miami-Dade,2019,363,317,44,2,0,0,0,146,52,38,1,23,150,0,188,1
Florida,12089,Nassau,2019,351,326,25,0,0,0,0,71,46,28,0,0,0,97,254,0
Florida,12091,Okaloosa,2019,363,335,28,0,0,0,0,84,48,36,0,0,342,0,0,21
Florida,12095,Orange,2019,360,321,39,0,0,0,0,93,51,36,1,1,300,0,58,0
Florida,12097,Osceola,2019,364,338,22,4,0,0,0,122,48,34,0,0,364,0,0,0
Florida,12099,Palm Beach,2019,357,320,37,0,0,0,0,93,51,35,0,0,215,0,140,2
Florida,12101,Pasco,2019,365,336,29,0,0,0,0,97,49,36,0,0,365,0,0,0
Florida,12103,Pinellas,2019,365,296,69,0,0,0,0,100,59,40,0,0,213,0,148,4
Florida,12105,Polk,2019,365,314,51,0,0,0,0,100,54,36,0,0,248,2,115,0
Florida,12107,Putnam,2019,352,347,5,0,0,0,0,54,29,17,0,0,0,6,0,346
Florida,12113,Santa Rosa,2019,364,307,57,0,0,0,0,93,57,39,0,0,241,0,123,0
Florida,12115,Sarasota,2019,365,323,42,0,0,0,0,100,52,37,0,0,246,0,119,0
Florida,12117,Seminole,2019,365,322,42,1,0,0,0,110,52,37,0,0,297,0,67,1
Florida,,St. Lucie,2019,352,342,10,0,0,0,0,77,46,34,0,0,352,0,0,0
Florida,12127,Volusia,2019,350,316,34,0,0,0,0,80,50,37,0,0,241,0,109,0
Florida,12129,Wakulla,2019,363,316,47,0,0,0,0,84,54,35,0,0,256,2,105,0
Georgia,13021,Bibb,2019,365,278,84,3,0,0,0,137,61,38,0,0,158,3,204,0
Georgia,,Charlton,2019,103,100,3,0,0,0,0,61,36,20,0,0,0,0,103,0
Georgia,13051,Chatham,2019,365,295,70,0,0,0,0,87,56,39,0,0,146,58,161,0
Georgia,13055,Chattooga,2019,244,231,13,0,0,0,0,71,48,40,0,0,244,0,0,0
Georgia,13059,Clarke,2019,365,245,120,0,0,0,0,87,61,44,0,0,136,0,229,0
Georgia,13063,Clayton,2019,119,98,21,0,0,0,0,70,54,36,0,0,0,0,119,0
Georgia,13067,Cobb,2019,282,224,57,1,0,0,0,119,60,42,0,0,210,0,72,0
Georgia,13069,Coffee,2019,121,107,14,0,0,0,0,66,52,26,0,0,0,0,121,0
Georgia,13073,Columbia,2019,245,229,16,0,0,0,0,74,49,39,0,0,245,0,0,0
Georgia,13085,Dawson,2019,244,225,18,1,0,0,0,126,48,37,0,0,244,0,0,0
Georgia,13089,DeKalb,2019,365,251,110,3,1,0,0,159,64,44,0,34,156,0,175,0
Georgia,13095,Dougherty,2019,356,236,118,2,0,0,0,107,63,40,0,0,0,0,356,0
Georgia,13097,Douglas,2019,245,212,28,5,0,0,0,126,58,40,0,0,245,0,0,0
Georgia,13115,Floyd,2019,365,217,148,0,0,0,0,89,62,44,0,0,0,5,360,0
Georgia,13121,Fulton,2019,365,192,166,6,1,0,0,172,74,49,0,19,130,0,216,0
Georgia,13127,Glynn,2019,279,254,25,0,0,0,0,80,50,36,0,0,224,0,55,0
Georgia,13135,Gwinnett,2019,355,221,132,2,0,0,0,112,69,45,0,0,152,0,203,0
Georgia,13139,Hall,2019,340,259,81,0,0,0,0,88,57,37,0,0,0,0,340,0
Georgia,13151,Henry,2019,363,283,73,7,0,0,0,150,59,37,0,0,166,0,197,0
Georgia,13153,Houston,2019,354,246,106,1,1,0,0,152,61,38,0,0,0,0,354,0
Georgia,13185,Lowndes,2019,309,255,54,0,0,0,0,68,55,35,0,0,0,0,309,0
Georgia,13213,Murray,2019,269,230,39,0,0,0,0,93,54,42,0,0,239,0,30,0
Georgia,13215,Muscogee,2019,364,274,90,0,0,0,0,90,58,40,0,0,149,0,215,0
Georgia,13231,Pike,2019,353,307,43,3,0,0,0,147,58,37,0,0,353,0,0,0
Georgia,13245,Richmond,2019,364,231,131,2,0,0,0,101,64,45,0,0,127,16,203,18
Georgia,13247,Rockdale,2019,241,186,50,5,0,0,0,129,67,43,0,0,241,0,0,0
Georgia,13261,Sumter,2019,238,211,27,0,0,0,0,97,54,39,0,0,238,0,0,0
Georgia,13295,Walker,2019,356,269,87,0,0,0,0,82,57,37,0,0,0,0,356,0
Georgia,13303,Washington,2019,211,176,34,1,0,0,0,116,54,29,0,0,0,0,211,0
Hawaii,15001,Hawaii,2019,365,357,8,0,0,0,0,79,29,16,0,0,0,52,313,0
Hawaii,15003,Honolulu,2019,365,339,26,0,0,0,0,94,46,29,1,3,262,65,33,1
Hawaii,15007,Kauai,2019,365,363,2,0,0,0,0,71,27,13,0,144,0,3,218,0
Hawaii,15009,Maui,2019,362,347,11,3,1,0,0,166,30,15,0,0,0,0,362,0
Idaho,16001,Ada,2019,365,317,48,0,0,0,0,100,53,38,0,8,240,0,112,5
Idaho,16005,Bannock,2019,365,344,21,0,0,0,0,96,46,27,0,0,0,152,135,78
Idaho,16009,Benewah,2019,364,242,111,9,2,0,0,154,74,37,0,0,0,0,364,0
Idaho,,Blaine,2019,314,313,1,0,0,0,0,51,25,15,0,0,0,0,314,0
Idaho,16015,Boise,2019,365,290,72,2,1,0,0,165,60,33,0,0,0,0,365,0
Idaho,16017,Bonner,2019,365,316,48,1,0,0,0,115,55,21,0,0,0,0,272,93
Idaho,16019,Bonneville,2019,357,342,15,0,0,0,0,63,43,29,0,0,0,0,357,0
Idaho,16023,Butte,2019,361,348,13,0,0,0,0,71,48,40,0,0,359,0,2,0
Idaho,16027,Canyon,2019,365,311,54,0,0,0,0,95,54,25,0,0,0,0,274,91
Idaho,16029,Caribou,2019,330,326,2,2,0,0,0,108,24,6,0,0,0,330,0,0
Idaho,,Custer,2019,96,96,0,0,0,0,0,38,17,6,0,0,0,0,96,0
Idaho,16041,Franklin,2019,364,333,28,3,0,0,0,112,44,18,0,0,0,0,364,0
Idaho,16049,Idaho,2019,365,297,68,0,0,0,0,88,55,40,0,0,214,0,151,0
Idaho,16053,Jerome,2019,353,353,0,0,0,0,0,48,28,15,0,0,0,0,353,0
Idaho,16055,Kootenai,2019,355,318,37,0,0,0,0,86,51,23,0,0,0,0,355,0
Idaho,16057,Latah,2019,350,350,0,0,0,0,0,48,26,10,0,0,0,0,350,0
Idaho,16059,Lemhi,2019,360,269,87,4,0,0,0,133,69,23,0,0,0,0,360,0
Idaho,16069,Nez Perce,2019,360,309,51,0,0,0,0,89,56,24,0,0,0,0,360,0
Idaho,16079,Shoshone,2019,365,260,102,3,0,0,0,117,72,29,0,0,0,0,353,12
Idaho,16083,Twin Falls,2019,365,361,4,0,0,0,0,71,33,19,0,0,0,0,365,0
Idaho,16085,Valley,2019,357,290,67,0,0,0,0,91,61,22,0,0,0,0,357,0
Illinois,17001,Adams,2019,241,208,33,0,0,0,0,93,54,41,0,0,241,0,0,0
Illinois,17019,Champaign,2019,365,281,84,0,0,0,0,100,61,42,0,0,235,0,130,0
Illinois,17023,Clark,2019,327,314,13,0,0,0,0,74,47,34,0,0,327,0,0,0
Illinois,17031,Cook,2019,365,150,206,9,0,0,0,133,76,53,0,26,91,0,238,10
Illinois,17043,DuPage,2019,352,257,92,2,1,0,0,174,61,42,0,0,172,0,180,0
Illinois,17049,Effingham,2019,245,224,21,0,0,0,0,84,50,40,0,0,245,0,0,0
Illinois,17065,Hamilton,2019,344,269,74,1,0,0,0,105,58,43,0,0,198,0,146,0
Illinois,17083,Jersey,2019,347,284,61,2,0,0,0,119,58,42,0,0,207,0,140,0
Illinois,17085,Jo Daviess,2019,363,351,12,0,0,0,0,74,47,34,0,0,363,0,0,0
Illinois,17089,Kane,2019,284,229,51,4,0,0,0,112,63,40,0,0,226,0,58,0
Illinois,17099,La Salle,2019,335,334,1,0,0,0,0,60,4,0,0,0,0,335,0,0
Illinois,17097,Lake,2019,245,210,33,2,0,0,0,115,58,40,0,0,245,0,0,0
Illinois,17115,Macon,2019,365,255,110,0,0,0,0,93,61,44,0,0,148,30,187,0
Illinois,17117,Macoupin,2019,365,348,17,0,0,0,0,87,47,33,0,101,245,19,0,0
Illinois,17119,Madison,2019,365,192,170,1,2,0,0,156,71,49,0,0,186,2,174,3
Illinois,17111,McHenry,2019,340,230,108,2,0,0,0,126,61,44,0,0,142,0,198,0
Illinois,17113,McLean,2019,364,256,108,0,0,0,0,100,61,44,0,0,174,0,190,0
Illinois,17133,Monroe,2019,286,286,0,0,0,0,0,33,6,1,0,0,0,286,0,0
Illinois,17143,Peoria,2019,364,284,78,2,0,0,0,101,58,41,0,0,203,0,161,0
Illinois,17157,Randolph,2019,324,264,60,0,0,0,0,97,54,40,0,0,209,0,115,0
Illinois,17161,Rock Island,2019,361,281,78,2,0,0,0,115,59,42,0,0,186,0,175,0
Illinois,17163,Saint Clair,2019,365,272,92,1,0,0,0,108,60,43,1,62,169,0,133,0
Illinois,17167,Sangamon,2019,360,287,73,0,0,0,0,87,58,40,0,0,183,0,177,0
Illinois,17179,Tazewell,2019,346,346,0,0,0,0,0,36,9,1,0,0,0,346,0,0
Illinois,17185,Wabash,2019,364,361,3,0,0,0,0,82,10,1,0,0,0,364,0,0
Illinois,17197,Will,2019,365,260,105,0,0,0,0,84,62,43,0,0,140,0,225,0
Illinois,17201,Winnebago,2019,341,240,100,1,0,0,0,102,61,42,0,0,147,0,194,0
Indiana,18003,Allen,2019,365,262,102,1,0,0,0,101,61,43,0,0,218,0,147,0
Indiana,18005,Bartholomew,2019,364,298,66,0,0,0,0,77,54,41,0,0,268,0,96,0
Indiana,18011,Boone,2019,351,320,31,0,0,0,0,90,50,35,0,0,351,0,0,0
Indiana,18013,Brown,2019,365,349,16,0,0,0,0,74,47,35,0,0,365,0,0,0
Indiana,18015,Carroll,2019,358,333,25,0,0,0,0,84,49,35,0,0,358,0,0,0
Indiana,18019,Clark,2019,365,287,77,1,0,0,0,101,59,41,0,0,246,0,119,0
Indiana,18027,Daviess,2019,350,350,0,0,0,0,0,19,7,1,0,0,0,350,0,0
Indiana,18035,Delaware,2019,352,319,33,0,0,0,0,71,49,35,0,0,303,0,49,0
Indiana,18037,Dubois,2019,120,102,18,0,0,0,0,70,54,33,0,0,0,0,119,1
Indiana,18039,Elkhart,2019,365,294,71,0,0,0,0,81,55,37,0,0,231,0,134,0
Indiana,18043,Floyd,2019,363,338,25,0,0,0,0,87,48,35,0,0,360,3,0,0
Indiana,18051,Gibson,2019,359,355,4,0,0,0,0,84,17,3,0,0,0,359,0,0
Indiana,18055,Greene,2019,355,318,37,0,0,0,0,87,51,39,0,0,315,0,40,0
Indiana,18057,Hamilton,2019,365,268,95,2,0,0,0,119,61,41,0,0,217,0,148,0
Indiana,18063,Hendricks,2019,361,348,13,0,0,0,0,93,47,34,0,0,361,0,0,0
Indiana,18065,Henry,2019,119,106,13,0,0,0,0,63,52,28,0,0,0,0,119,0
Indiana,18067,Howard,2019,361,289,71,1,0,0,0,108,58,40,0,0,238,0,123,0
Indiana,,Huntington,2019,355,345,10,0,0,0,0,84,44,31,0,0,355,0,0,0
Indiana,,Jackson,2019,360,340,20,0,0,0,0,80,47,35,0,0,360,0,0,0
Indiana,18083,Knox,2019,359,328,31,0,0,0,0,87,50,36,0,0,359,0,0,0
Indiana,18091,LaPorte,2019,364,305,55,4,0,0,0,126,61,37,0,0,331,0,33,0
Indiana,18089,Lake,2019,365,225,139,1,0,0,0,101,70,45,0,3,149,5,204,4
Indiana,18095,Madison,2019,365,286,78,1,0,0,0,101,58,41,0,0,226,0,139,0
Indiana,18097,Marion,2019,365,153,208,4,0,0,0,112,72,53,0,0,110,0,255,0
Indiana,18105,Monroe,2019,346,296,50,0,0,0,0,69,53,33,0,0,0,0,346,0
Indiana,,Morgan,2019,364,341,23,0,0,0,0,87,48,35,0,0,358,6,0,0
Indiana,18123,Perry,2019,358,322,36,0,0,0,0,80,51,37,0,0,358,0,0,0
Indiana,,Pike,2019,227,227,0,0,0,0,0,46,6,1,0,0,0,227,0,0
Indiana,18127,Porter,2019,365,264,93,8,0,0,0,122,64,41,0,0,204,27,118,16
Indiana,18129,Posey,2019,364,341,23,0,0,0,0,80,49,35,0,0,364,0,0,0
Indiana,18145,Shelby,2019,365,338,27,0,0,0,0,84,49,36,0,0,365,0,0,0
Indiana,18147,Spencer,2019,117,101,16,0,0,0,0,73,53,31,0,0,0,0,117,0
Indiana,,St. Joseph,2019,365,276,89,0,0,0,0,100,62,41,0,1,227,0,137,0
Indiana,18153,Sullivan,2019,116,99,17,0,0,0,0,78,52,31,0,0,0,0,116,0
Indiana,18157,Tippecanoe,2019,351,284,67,0,0,0,0,75,55,33,0,0,0,0,351,0
Indiana,18163,Vanderburgh,2019,365,296,69,0,0,0,0,90,55,41,0,1,220,0,144,0
Indiana,18167,Vigo,2019,365,238,126,1,0,0,0,102,64,45,0,0,184,0,181,0
Indiana,18169,Wabash,2019,351,319,32,0,0,0,0,97,50,37,0,0,351,0,0,0
Indiana,18173,Warrick,2019,365,337,28,0,0,0,0,93,50,36,0,0,365,0,0,0
Indiana,18183,Whitley,2019,352,285,67,0,0,0,0,90,55,33,0,0,0,0,352,0
Iowa,19013,Black Hawk,2019,363,296,67,0,0,0,0,83,58,31,0,0,0,0,363,0
Iowa,19017,Bremer,2019,243,228,15,0,0,0,0,90,46,37,0,0,243,0,0,0
Iowa,19033,Cerro Gordo,2019,118,118,0,0,0,0,0,38,27,15,0,0,0,0,0,118
Iowa,19045,Clinton,2019,364,268,96,0,0,0,0,89,61,42,0,0,155,0,209,0
Iowa,19085,Harrison,2019,241,222,19,0,0,0,0,97,50,38,0,0,241,0,0,0
Iowa,19103,Johnson,2019,364,278,86,0,0,0,0,91,60,35,0,0,0,0,364,0
Iowa,19111,Lee,2019,120,101,19,0,0,0,0,70,58,29,0,0,0,0,120,0
Iowa,19113,Linn,2019,365,287,78,0,0,0,0,84,60,39,0,0,175,4,186,0
Iowa,19137,Montgomery,2019,364,312,52,0,0,0,0,77,53,37,0,0,204,0,160,0
Iowa,19139,Muscatine,2019,365,300,65,0,0,0,0,92,57,32,0,0,0,10,354,1
Iowa,19147,Palo Alto,2019,364,305,59,0,0,0,0,93,55,38,0,0,187,0,177,0
Iowa,19153,Polk,2019,365,306,59,0,0,0,0,100,55,39,0,3,246,0,116,0
Iowa,19155,Pottawattamie,2019,130,111,19,0,0,0,0,70,53,29,0,0,0,0,112,18
Iowa,19163,Scott,2019,365,222,141,2,0,0,0,112,67,45,0,0,125,0,154,86
Iowa,19177,Van Buren,2019,361,310,51,0,0,0,0,97,54,37,0,1,192,0,167,1
Iowa,19193,Woodbury,2019,118,105,13,0,0,0,0,81,52,28,0,0,0,0,118,0
Kansas,,Chase,2019,118,112,5,1,0,0,0,113,38,20,0,0,0,0,118,0
Kansas,20057,Ford,2019,304,301,3,0,0,0,0,54,31,15,0,0,0,0,0,304
Kansas,20091,Johnson,2019,362,336,26,0,0,0,0,77,47,36,0,0,282,0,80,0
Kansas,20103,Leavenworth,2019,362,347,15,0,0,0,0,97,45,33,0,0,362,0,0,0
Kansas,20133,Neosho,2019,365,282,82,1,0,0,0,119,57,40,0,0,184,0,178,3
Kansas,20173,Sedgwick,2019,365,313,52,0,0,0,0,97,54,39,0,9,297,0,55,4
Kansas,20177,Shawnee,2019,365,294,70,0,1,0,0,158,58,41,0,0,191,0,174,0
Kansas,20181,Sherman,2019,358,354,4,0,0,0,0,58,31,12,0,0,0,0,0,358
Kansas,20191,Sumner,2019,365,317,48,0,0,0,0,97,54,39,0,4,274,0,77,10
Kansas,20195,Trego,2019,364,342,22,0,0,0,0,99,48,36,0,0,298,0,65,1
Kansas,20209,Wyandotte,2019,365,291,73,1,0,0,0,137,58,41,0,25,198,0,141,1
Kentucky,21013,Bell,2019,263,243,20,0,0,0,0,77,49,39,0,0,234,0,29,0
Kentucky,21015,Boone,2019,239,222,17,0,0,0,0,80,49,39,0,0,239,0,0,0
Kentucky,21019,Boyd,2019,365,313,52,0,0,0,0,74,53,39,0,11,192,0,160,2
Kentucky,21029,Bullitt,2019,243,214,29,0,0,0,0,93,51,41,0,0,243,0,0,0
Kentucky,21037,Campbell,2019,363,299,63,1,0,0,0,108,56,40,0,21,189,1,152,0
Kentucky,21043,Carter,2019,285,278,7,0,0,0,0,67,46,36,0,0,231,0,53,1
Kentucky,21047,Christian,2019,278,251,27,0,0,0,0,77,50,39,0,0,215,0,63,0
Kentucky,21059,Daviess,2019,364,282,81,1,0,0,0,101,60,43,0,1,192,4,167,0
Kentucky,21061,Edmonson,2019,365,290,75,0,0,0,0,77,56,41,0,0,231,0,134,0
Kentucky,21067,Fayette,2019,364,307,57,0,0,0,0,80,54,42,0,12,182,0,170,0
Kentucky,21089,Greenup,2019,362,357,5,0,0,0,0,58,44,31,0,0,242,120,0,0
Kentucky,21091,Hancock,2019,245,208,37,0,0,0,0,84,54,42,0,0,245,0,0,0
Kentucky,21093,Hardin,2019,363,318,45,0,0,0,0,71,53,39,0,0,182,0,181,0
Kentucky,21101,Henderson,2019,363,310,43,10,0,0,0,120,55,3,0,0,0,317,46,0
Kentucky,21111,Jefferson,2019,365,200,163,2,0,0,0,136,70,49,0,10,164,0,191,0
Kentucky,21113,Jessamine,2019,364,340,24,0,0,0,0,67,49,35,0,0,245,119,0,0
Kentucky,21139,Livingston,2019,261,237,24,0,0,0,0,77,50,41,0,0,242,0,0,19
Kentucky,21145,McCracken,2019,361,260,101,0,0,0,0,97,59,44,0,2,161,0,197,1
Kentucky,21175,Morgan,2019,356,341,15,0,0,0,0,80,47,36,0,0,356,0,0,0
Kentucky,21185,Oldham,2019,242,203,38,1,0,0,0,105,58,42,0,0,242,0,0,0
Kentucky,21193,Perry,2019,353,306,47,0,0,0,0,87,53,39,0,0,181,0,172,0
Kentucky,21195,Pike,2019,361,341,20,0,0,0,0,67,48,36,0,0,184,0,177,0
Kentucky,21199,Pulaski,2019,282,267,15,0,0,0,0,63,49,40,0,0,223,0,59,0
Kentucky,21213,Simpson,2019,244,222,22,0,0,0,0,67,50,40,0,0,244,0,0,0
Kentucky,21221,Trigg,2019,353,328,25,0,0,0,0,87,49,37,0,0,353,0,0,0
Kentucky,21227,Warren,2019,348,295,53,0,0,0,0,73,54,40,0,0,170,0,178,0
Kentucky,21229,Washington,2019,364,331,33,0,0,0,0,80,50,39,0,0,364,0,0,0
Louisiana,22005,Ascension,2019,361,319,41,1,0,0,0,101,54,33,0,7,354,0,0,0
Louisiana,22015,Bossier,2019,357,324,33,0,0,0,0,84,50,34,0,0,223,0,125,9
Louisiana,22017,Caddo,2019,356,296,60,0,0,0,0,80,55,37,0,0,278,0,78,0
Louisiana,22019,Calcasieu,2019,365,239,126,0,0,0,0,90,63,45,0,1,133,4,227,0
Louisiana,22033,East Baton Rouge,2019,365,260,103,2,0,0,0,108,68,42,0,8,177,1,179,0
Louisiana,22047,Iberville,2019,365,306,55,4,0,0,0,119,58,37,0,1,316,0,48,0
Louisiana,22051,Jefferson,2019,365,310,55,0,0,0,0,84,54,38,0,6,268,0,91,0
Louisiana,22055,Lafayette,2019,365,283,82,0,0,0,0,84,57,41,0,0,206,0,159,0
Louisiana,22057,Lafourche,2019,360,273,85,2,0,0,0,126,58,41,0,0,155,0,205,0
Louisiana,22063,Livingston,2019,365,279,86,0,0,0,0,97,60,41,0,0,180,0,185,0
Louisiana,22071,Orleans,2019,365,327,38,0,0,0,0,89,51,29,0,95,0,0,256,14
Louisiana,22073,Ouachita,2019,363,335,28,0,0,0,0,71,49,34,0,0,321,0,42,0
Louisiana,22077,Pointe Coupee,2019,351,322,26,3,0,0,0,112,49,33,0,0,351,0,0,0
Louisiana,22079,Rapides,2019,119,107,12,0,0,0,0,71,52,30,0,0,0,0,119,0
Louisiana,22087,St. Bernard,2019,365,251,112,2,0,0,0,112,60,44,0,0,148,16,201,0
Louisiana,22089,St. Charles,2019,362,350,12,0,0,0,0,90,26,3,0,0,0,362,0,0
Louisiana,22093,St. James,2019,365,350,15,0,0,0,0,97,46,28,0,0,359,6,0,0
Louisiana,22095,St. John the Baptist,2019,364,334,30,0,0,0,0,93,48,33,0,0,364,0,0,0
Louisiana,22099,St. Martin,2019,355,330,25,0,0,0,0,80,48,34,0,0,355,0,0,0
Louisiana,22103,St. Tammany,2019,363,306,57,0,0,0,0,84,56,37,0,0,236,0,127,0
Louisiana,22105,Tangipahoa,2019,117,104,13,0,0,0,0,64,52,30,0,0,0,0,117,0
Louisiana,22109,Terrebonne,2019,120,108,12,0,0,0,0,70,51,28,0,0,0,0,120,0
Louisiana,22121,West Baton Rouge,2019,365,289,76,0,0,0,0,100,59,39,0,10,162,1,192,0
Maine,23001,Androscoggin,2019,361,345,16,0,0,0,0,72,44,31,0,0,199,0,159,3
Maine,23003,Aroostook,2019,365,333,30,1,1,0,0,174,50,34,0,0,253,0,95,17
Maine,23005,Cumberland,2019,365,314,51,0,0,0,0,100,54,39,0,0,169,0,192,4
Maine,23009,Hancock,2019,365,347,17,1,0,0,0,105,48,36,2,0,343,0,19,1
Maine,23011,Kennebec,2019,361,356,5,0,0,0,0,67,44,28,0,129,211,0,21,0
Maine,23013,Knox,2019,213,204,9,0,0,0,0,84,47,36,0,0,213,0,0,0
Maine,23017,Oxford,2019,334,323,11,0,0,0,0,68,44,30,0,0,175,0,159,0
Maine,23019,Penobscot,2019,362,349,13,0,0,0,0,72,45,31,0,0,207,0,147,8
Maine,23029,Washington,2019,363,360,3,0,0,0,0,71,45,34,0,0,363,0,0,0
Maine,23031,York,2019,231,216,14,1,0,0,0,115,48,38,0,0,231,0,0,0
Maryland,24001,Allegany,2019,365,332,21,11,1,0,0,152,43,1,0,0,0,365,0,0
Maryland,24003,Anne Arundel,2019,355,270,78,7,0,0,0,143,67,41,0,0,242,95,0,18
Maryland,24005,Baltimore,2019,365,263,93,9,0,0,0,150,71,43,0,20,266,1,78,0
Maryland,24510,Baltimore (City),2019,363,268,89,6,0,0,0,126,62,42,0,29,197,0,137,0
Maryland,24009,Calvert,2019,232,214,18,0,0,0,0,71,49,39,0,0,232,0,0,0
Maryland,24013,Carroll,2019,241,205,35,1,0,0,0,101,54,43,0,0,241,0,0,0
Maryland,24015,Cecil,2019,361,290,68,3,0,0,0,150,58,39,0,0,228,0,133,0
Maryland,24017,Charles,2019,221,202,19,0,0,0,0,77,50,40,0,0,221,0,0,0
Maryland,24019,Dorchester,2019,365,304,58,3,0,0,0,126,55,41,0,0,329,0,36,0
Maryland,24021,Frederick,2019,243,198,44,1,0,0,0,112,58,44,0,0,243,0,0,0
Maryland,24023,Garrett,2019,365,345,20,0,0,0,0,71,49,37,2,0,270,0,93,0
Maryland,24025,Harford,2019,359,261,89,9,0,0,0,133,71,44,0,0,231,0,128,0
Maryland,24027,Howard,2019,365,319,46,0,0,0,0,79,52,30,0,129,0,0,236,0
Maryland,24029,Kent,2019,360,298,61,1,0,0,0,101,58,40,0,0,233,0,127,0
Maryland,24031,Montgomery,2019,361,313,48,0,0,0,0,86,52,39,0,0,220,0,141,0
Maryland,24033,Prince George's,2019,365,268,91,6,0,0,0,122,64,43,0,2,294,0,69,0
Maryland,24043,Washington,2019,360,313,47,0,0,0,0,92,54,40,0,0,214,0,146,0
Massachusetts,25001,Barnstable,2019,359,348,11,0,0,0,0,93,45,36,0,0,356,0,3,0
Massachusetts,25003,Berkshire,2019,364,320,44,0,0,0,0,87,52,37,0,0,247,0,117,0
Massachusetts,25005,Bristol,2019,364,323,41,0,0,0,0,97,51,40,0,0,296,0,68,0
Massachusetts,25007,Dukes,2019,352,331,17,4,0,0,0,126,48,38,0,0,343,0,9,0
Massachusetts,25009,Essex,2019,364,329,34,1,0,0,0,122,49,37,0,7,287,0,70,0
Massachusetts,25011,Franklin,2019,364,326,38,0,0,0,0,87,51,37,0,0,251,0,113,0
Massachusetts,25013,Hampden,2019,364,308,56,0,0,0,0,93,53,39,0,11,237,0,116,0
Massachusetts,25015,Hampshire,2019,364,332,32,0,0,0,0,93,49,38,0,1,288,0,75,0
Massachusetts,25017,Middlesex,2019,364,337,27,0,0,0,0,80,48,37,0,17,250,0,97,0
Massachusetts,25021,Norfolk,2019,362,352,10,0,0,0,0,100,44,34,0,13,349,0,0,0
Massachusetts,25023,Plymouth,2019,363,336,27,0,0,0,0,90,48,37,0,0,274,0,89,0
Massachusetts,25025,Suffolk,2019,365,310,55,0,0,0,0,87,53,38,1,41,136,0,187,0
Massachusetts,25027,Worcester,2019,365,314,51,0,0,0,0,93,54,40,1,12,221,0,131,0
Michigan,26005,Allegan,2019,276,227,45,4,0,0,0,115,61,38,0,0,241,0,35,0
Michigan,26017,Bay,2019,316,288,28,0,0,0,0,83,46,26,0,0,0,0,316,0
Michigan,26019,Benzie,2019,247,232,15,0,0,0,0,93,46,36,0,0,247,0,0,0
Michigan,26021,Berrien,2019,260,232,26,2,0,0,0,112,51,39,0,0,260,0,0,0
Michigan,26027,Cass,2019,255,229,26,0,0,0,0,90,51,39,0,0,255,0,0,0
Michigan,26033,Chippewa,2019,58,53,5,0,0,0,0,62,49,32,0,0,0,0,58,0
Michigan,26037,Clinton,2019,248,243,5,0,0,0,0,67,46,35,0,0,248,0,0,0
Michigan,26049,Genesee,2019,340,282,58,0,0,0,0,74,56,38,0,0,194,0,146,0
Michigan,26063,Huron,2019,259,250,9,0,0,0,0,90,46,36,0,0,259,0,0,0
Michigan,26065,Ingham,2019,365,331,34,0,0,0,0,75,49,35,0,9,233,0,123,0
Michigan,26077,Kalamazoo,2019,362,312,50,0,0,0,0,85,54,38,0,0,200,0,162,0
Michigan,26081,Kent,2019,365,310,55,0,0,0,0,90,54,36,3,0,257,0,101,4
Michigan,,Keweenaw,2019,117,116,1,0,0,0,0,70,21,9,0,0,0,0,117,0
Michigan,26091,Lenawee,2019,358,286,72,0,0,0,0,90,58,39,0,0,192,0,166,0
Michigan,26099,Macomb,2019,292,251,40,1,0,0,0,101,54,38,0,0,244,0,48,0
Michigan,26101,Manistee,2019,269,249,19,1,0,0,0,101,49,35,0,0,241,0,28,0
Michigan,26105,Mason,2019,254,244,10,0,0,0,0,64,46,35,0,0,254,0,0,0
Michigan,26113,Missaukee,2019,363,334,29,0,0,0,0,71,49,35,0,0,306,0,57,0
Michigan,26115,Monroe,2019,359,355,4,0,0,0,0,76,16,1,0,0,0,299,0,60
Michigan,26121,Muskegon,2019,262,236,25,1,0,0,0,133,50,38,0,0,262,0,0,0
Michigan,26125,Oakland,2019,293,246,45,2,0,0,0,122,58,38,0,0,242,0,51,0
Michigan,26139,Ottawa,2019,365,313,52,0,0,0,0,100,58,35,0,78,230,8,45,4
Michigan,26153,Schoolcraft,2019,364,347,17,0,0,0,0,90,45,31,0,0,243,0,121,0
Michigan,26147,St. Clair,2019,365,275,87,3,0,0,0,108,64,40,0,0,172,65,128,0
Michigan,26157,Tuscola,2019,355,345,10,0,0,0,0,77,46,33,0,0,355,0,0,0
Michigan,26161,Washtenaw,2019,365,294,71,0,0,0,0,88,58,39,0,0,243,0,122,0
Michigan,26163,Wayne,2019,365,155,200,10,0,0,0,142,77,53,0,7,72,20,253,13
Michigan,26165,Wexford,2019,340,322,18,0,0,0,0,74,46,34,0,0,340,0,0,0
Minnesota,27003,Anoka,2019,364,315,48,1,0,0,0,122,55,37,2,11,245,0,106,0
Minnesota,27005,Becker,2019,360,336,23,1,0,0,0,105,47,28,0,0,183,0,177,0
Minnesota,27007,Beltrami,2019,352,332,18,1,1,0,0,181,42,20,0,0,0,0,352,0
Minnesota,27017,Carlton,2019,356,346,10,0,0,0,0,80,44,27,0,0,218,0,138,0
Minnesota,27021,Cass,2019,350,332,17,1,0,0,0,125,33,13,0,0,0,0,350,0
Minnesota,27031,Cook,2019,334,325,9,0,0,0,0,78,30,17,0,0,0,0,334,0
Minnesota,27035,Crow Wing,2019,359,334,24,1,0,0,0,101,45,28,0,0,173,0,186,0
Minnesota,27037,Dakota,2019,365,306,59,0,0,0,0,89,56,28,0,71,0,1,293,0
Minnesota,27049,Goodhue,2019,216,203,13,0,0,0,0,97,48,37,0,0,216,0,0,0
Minnesota,27053,Hennepin,2019,365,245,120,0,0,0,0,94,62,42,0,12,58,0,175,120
Minnesota,27075,Lake,2019,363,343,20,0,0,0,0,81,44,27,0,0,151,0,174,38
Minnesota,27083,Lyon,2019,362,327,35,0,0,0,0,85,49,32,0,0,204,0,158,0
Minnesota,27095,Mille Lacs,2019,247,239,8,0,0,0,0,90,44,32,0,0,247,0,0,0
Minnesota,27109,Olmsted,2019,364,313,51,0,0,0,0,84,55,36,0,0,195,0,169,0
Minnesota,27123,Ramsey,2019,365,296,69,0,0,0,0,90,59,30,0,0,0,0,327,38
Minnesota,27137,Saint Louis,2019,365,327,37,1,0,0,0,101,51,34,0,0,253,0,100,12
Minnesota,27139,Scott,2019,365,314,51,0,0,0,0,93,52,36,0,0,247,0,118,0
Minnesota,27145,Stearns,2019,344,313,31,0,0,0,0,93,49,32,0,0,211,0,133,0
Minnesota,27163,Washington,2019,363,313,48,1,1,0,0,200,55,30,0,0,169,106,81,7
Minnesota,27169,Winona,2019,115,108,7,0,0,0,0,61,40,15,0,0,0,0,115,0
Minnesota,27171,Wright,2019,362,322,40,0,0,0,0,90,54,34,0,0,206,0,156,0
Mississippi,28011,Bolivar,2019,364,270,94,0,0,0,0,96,62,43,0,0,138,0,226,0
Mississippi,28033,DeSoto,2019,364,296,67,1,0,0,0,136,55,39,0,0,154,0,210,0
Mississippi,28035,Forrest,2019,358,298,60,0,0,0,0,75,55,35,0,0,0,0,358,0
Mississippi,28045,Hancock,2019,365,316,49,0,0,0,0,80,54,37,0,0,184,0,181,0
Mississippi,28047,Harrison,2019,363,284,79,0,0,0,0,97,59,41,0,0,136,0,227,0
Mississippi,28049,Hinds,2019,365,256,109,0,0,0,0,100,63,44,0,0,143,0,222,0
Mississippi,28059,Jackson,2019,365,289,75,1,0,0,0,105,58,39,0,1,155,0,209,0
Mississippi,28075,Lauderdale,2019,245,229,16,0,0,0,0,77,49,36,0,0,245,0,0,0
Mississippi,28081,Lee,2019,241,222,19,0,0,0,0,84,49,39,0,0,241,0,0,0
Mississippi,28161,Yalobusha,2019,348,334,14,0,0,0,0,71,45,33,0,0,348,0,0,0
Missouri,29003,Andrew,2019,245,227,18,0,0,0,0,80,49,40,0,0,245,0,0,0
Missouri,29019,Boone,2019,245,239,6,0,0,0,0,71,46,38,0,0,245,0,0,0
Missouri,29021,Buchanan,2019,365,295,70,0,0,0,0,82,57,33,0,0,0,0,278,87
Missouri,29027,Callaway,2019,245,238,7,0,0,0,0,71,47,39,0,0,245,0,0,0
Missouri,29037,Cass,2019,365,319,46,0,0,0,0,93,51,37,0,0,213,0,152,0
Missouri,29039,Cedar,2019,351,285,66,0,0,0,0,80,56,39,0,0,162,0,189,0
Missouri,29047,Clay,2019,365,295,70,0,0,0,0,90,59,40,0,0,225,0,140,0
Missouri,29049,Clinton,2019,245,213,32,0,0,0,0,87,54,42,0,0,245,0,0,0
Missouri,29071,Franklin,2019,364,361,3,0,0,0,0,64,14,1,0,0,0,364,0,0
Missouri,29077,Greene,2019,365,322,43,0,0,0,0,77,51,39,0,0,197,0,154,14
Missouri,29093,Iron,2019,365,338,27,0,0,0,0,99,44,17,0,0,0,365,0,0
Missouri,29095,Jackson,2019,365,265,100,0,0,0,0,93,60,38,0,46,0,0,265,54
Missouri,29097,Jasper,2019,365,324,40,1,0,0,0,108,51,37,0,0,220,0,0,145
Missouri,29099,Jefferson,2019,365,292,71,2,0,0,0,105,58,39,0,0,210,11,128,16
Missouri,29113,Lincoln,2019,245,223,22,0,0,0,0,100,50,40,0,0,245,0,0,0
Missouri,29137,Monroe,2019,365,357,8,0,0,0,0,71,45,35,0,0,365,0,0,0
Missouri,29143,New Madrid,2019,365,49,50,145,121,0,0,200,187,131,0,0,0,365,0,0
Missouri,29157,Perry,2019,245,224,21,0,0,0,0,87,50,40,0,0,245,0,0,0
Missouri,29183,Saint Charles,2019,365,319,41,4,1,0,0,151,54,36,0,0,241,124,0,0
Missouri,29189,Saint Louis,2019,365,264,98,3,0,0,0,143,65,43,0,8,180,0,177,0
Missouri,29186,Sainte Genevieve,2019,244,229,15,0,0,0,0,87,49,38,0,0,244,0,0,0
Missouri,29510,St. Louis City,2019,365,215,145,5,0,0,0,129,70,47,0,10,152,0,189,14
Missouri,,Stoddard,2019,107,103,4,0,0,0,0,56,43,23,0,0,0,0,107,0
Missouri,,Taney,2019,120,117,3,0,0,0,0,54,35,20,0,0,0,0,120,0
Montana,30013,Cascade,2019,363,350,12,1,0,0,0,106,38,21,0,0,0,0,363,0
Montana,30027,Fergus,2019,365,348,17,0,0,0,0,84,47,37,0,0,335,0,28,2
Montana,30029,Flathead,2019,365,302,62,1,0,0,0,103,58,37,0,0,233,0,103,29
Montana,30031,Gallatin,2019,365,337,28,0,0,0,0,91,47,25,4,22,0,0,339,0
Montana,30047,Lake,2019,93,93,0,0,0,0,0,43,19,8,0,0,0,0,93,0
Montana,30049,Lewis and Clark,2019,365,288,75,2,0,0,0,144,64,40,0,0,252,0,113,0
Montana,30053,Lincoln,2019,364,222,141,1,0,0,0,102,72,36,0,0,0,0,353,11
Montana,30063,Missoula,2019,365,224,137,3,1,0,0,152,76,40,0,0,2,0,362,1
Montana,30071,Phillips,2019,365,356,9,0,0,0,0,71,44,34,0,0,332,0,31,2
Montana,30075,Powder River,2019,361,329,31,1,0,0,0,145,50,38,0,0,309,0,39,13
Montana,,Powell,2019,109,106,3,0,0,0,0,81,25,9,0,0,0,0,109,0
Montana,30081,Ravalli,2019,364,329,35,0,0,0,0,74,48,14,0,0,0,0,364,0
Montana,30083,Richland,2019,365,339,26,0,0,0,0,93,48,37,0,0,307,0,51,7
Montana,,Roosevelt,2019,93,93,0,0,0,0,0,45,22,10,0,0,0,0,93,0
Montana,30087,Rosebud,2019,364,351,13,0,0,0,0,71,47,36,0,3,316,0,41,4
Montana,30089,Sanders,2019,365,330,35,0,0,0,0,94,50,25,0,0,0,0,346,19
Montana,,Sheridan,2019,104,103,1,0,0,0,0,51,27,12,0,0,0,0,104,0
Montana,30093,Silver Bow,2019,363,319,44,0,0,0,0,91,55,20,0,0,0,0,191,172
Montana,30111,Yellowstone,2019,362,357,4,0,1,0,0,157,34,21,0,0,0,77,285,0
Nebraska,31025,Cass,2019,348,348,0,0,0,0,0,46,26,13,0,0,0,0,0,348
Nebraska,31055,Douglas,2019,365,312,53,0,0,0,0,86,56,38,0,0,214,14,128,9
Nebraska,31079,Hall,2019,97,92,5,0,0,0,0,60,38,19,0,0,0,0,97,0
Nebraska,31107,Knox,2019,355,342,13,0,0,0,0,80,46,35,0,0,355,0,0,0
Nebraska,31109,Lancaster,2019,360,338,22,0,0,0,0,66,46,31,0,0,229,76,55,0
Nebraska,31153,Sarpy,2019,350,298,52,0,0,0,0,80,55,29,0,0,0,0,350,0
Nebraska,31157,Scotts Bluff,2019,113,110,3,0,0,0,0,70,34,19,0,0,0,0,113,0
Nebraska,,Thomas,2019,109,106,3,0,0,0,0,57,26,12,0,0,0,0,109,0
Nebraska,31177,Washington,2019,116,107,9,0,0,0,0,75,48,25,0,0,0,0,116,0
Nevada,32510,Carson City,2019,365,308,57,0,0,0,0,97,58,41,0,0,300,0,65,0
Nevada,32001,Churchill,2019,353,323,30,0,0,0,0,80,50,41,0,0,353,0,0,0
Nevada,32003,Clark,2019,365,154,206,5,0,0,0,122,87,54,1,20,252,0,84,8
Nevada,32005,Douglas,2019,356,346,10,0,0,0,0,62,40,13,0,0,0,0,356,0
Nevada,32007,Elko,2019,365,363,2,0,0,0,0,61,27,14,0,0,0,0,12,353
Nevada,32019,Lyon,2019,356,344,12,0,0,0,0,71,47,38,0,0,346,0,0,10
Nevada,32023,Nye,2019,365,352,12,1,0,0,0,146,31,15,0,0,0,0,0,365
Nevada,32031,Washoe,2019,365,244,121,0,0,0,0,97,64,46,0,4,294,0,62,5
Nevada,32033,White Pine,2019,362,294,67,1,0,0,0,101,61,44,0,0,361,0,1,0
New Hampshire,33001,Belknap,2019,316,308,8,0,0,0,0,74,44,31,0,0,181,0,135,0
New Hampshire,33005,Cheshire,2019,365,348,17,0,0,0,0,79,45,34,0,0,303,0,62,0
New Hampshire,33007,Coos,2019,324,314,10,0,0,0,0,64,47,40,0,0,304,0,20,0
New Hampshire,33009,Grafton,2019,365,352,13,0,0,0,0,60,44,33,0,0,311,0,54,0
New Hampshire,33011,Hillsborough,2019,365,353,12,0,0,0,0,80,46,37,0,0,356,0,9,0
New Hampshire,33013,Merrimack,2019,365,360,5,0,0,0,0,72,43,27,0,0,209,156,0,0
New Hampshire,33015,Rockingham,2019,365,343,21,1,0,0,0,112,47,37,0,0,316,0,49,0
New Jersey,34001,Atlantic,2019,365,328,36,1,0,0,0,105,51,37,0,0,262,0,103,0
New Jersey,34003,Bergen,2019,365,228,132,5,0,0,0,150,71,44,0,58,96,0,211,0
New Jersey,34007,Camden,2019,365,240,120,5,0,0,0,126,67,44,0,19,202,0,144,0
New Jersey,34011,Cumberland,2019,361,297,61,3,0,0,0,105,58,40,0,2,268,0,91,0
New Jersey,34013,Essex,2019,365,265,100,0,0,0,0,100,62,41,0,85,160,0,120,0
New Jersey,34015,Gloucester,2019,280,242,37,1,0,0,0,133,54,37,0,0,226,0,54,0
New Jersey,34017,Hudson,2019,365,268,97,0,0,0,0,92,61,41,0,105,136,0,124,0
New Jersey,34019,Hunterdon,2019,362,295,66,1,0,0,0,108,58,39,0,0,271,0,91,0
New Jersey,34021,Mercer,2019,365,280,83,2,0,0,0,136,61,41,0,0,266,0,99,0
New Jersey,34023,Middlesex,2019,362,285,74,3,0,0,0,115,61,40,0,20,247,0,95,0
New Jersey,34025,Monmouth,2019,240,217,23,0,0,0,0,100,50,37,0,0,240,0,0,0
New Jersey,34027,Morris,2019,364,336,28,0,0,0,0,87,50,36,0,11,335,0,18,0
New Jersey,34029,Ocean,2019,349,291,56,2,0,0,0,150,58,38,0,0,218,0,131,0
New Jersey,34031,Passaic,2019,277,242,34,1,0,0,0,122,54,39,0,0,224,0,53,0
New Jersey,34039,Union,2019,365,258,107,0,0,0,0,100,59,42,0,109,0,0,256,0
New Jersey,34041,Warren,2019,364,320,43,1,0,0,0,103,52,35,0,47,197,0,120,0
New Mexico,35001,Bernalillo,2019,365,164,197,4,0,0,0,108,77,51,0,1,248,0,67,49
New Mexico,,Catron,2019,111,111,0,0,0,0,0,32,18,9,0,0,0,0,111,0
New Mexico,35005,Chaves,2019,118,117,1,0,0,0,0,52,32,16,0,0,0,0,118,0
New Mexico,35013,Dona Ana,2019,365,170,171,17,3,2,2,630,87,51,0,8,263,0,23,71
New Mexico,35015,Eddy,2019,365,212,134,17,2,0,0,174,90,47,0,1,363,0,1,0
New Mexico,35025,Lea,2019,365,252,109,4,0,0,0,140,71,45,0,4,309,0,52,0
New Mexico,,Lincoln,2019,107,107,0,0,0,0,0,31,21,10,0,0,0,0,107,0
New Mexico,,Los Alamos,2019,117,117,0,0,0,0,0,32,15,9,0,0,0,0,117,0
New Mexico,35029,Luna,2019,361,349,10,1,0,0,1,617,29,12,0,0,0,0,0,361
New Mexico,35039,Rio Arriba,2019,358,315,43,0,0,0,0,90,54,43,0,0,354,0,4,0
New Mexico,35045,San Juan,2019,365,208,157,0,0,0,0,97,90,49,0,3,362,0,0,0
New Mexico,,Sandoval,2019,363,276,87,0,0,0,0,97,61,44,0,0,356,0,5,2
New Mexico,35049,Santa Fe,2019,362,274,87,1,0,0,0,101,67,44,0,0,352,0,10,0
New Mexico,,Socorro,2019,92,92,0,0,0,0,0,31,19,10,0,0,0,0,92,0
New Mexico,35055,Taos,2019,358,334,24,0,0,0,0,70,42,15,0,0,0,0,358,0
New Mexico,35061,Valencia,2019,357,270,87,0,0,0,0,93,67,44,0,0,357,0,0,0
New York,36001,Albany,2019,365,322,43,0,0,0,0,92,53,37,0,0,242,0,123,0
New York,36005,Bronx,2019,365,280,82,3,0,0,0,115,63,40,0,66,164,0,135,0
New York,36013,Chautauqua,2019,365,337,27,1,0,0,0,105,49,37,0,0,320,22,23,0
New York,36027,Dutchess,2019,365,353,12,0,0,0,0,90,45,33,0,0,331,34,0,0
New York,36029,Erie,2019,365,310,55,0,0,0,0,93,54,38,0,27,221,0,117,0
New York,36031,Essex,2019,365,332,33,0,0,0,0,80,50,42,0,0,362,1,2,0
New York,,Franklin,2019,356,356,0,0,0,0,0,1,0,0,0,0,0,356,0,0
New York,36041,Hamilton,2019,360,358,2,0,0,0,0,54,44,34,0,0,323,37,0,0
New York,,Herkimer,2019,222,222,0,0,0,0,0,45,36,27,0,0,185,37,0,0
New York,36045,Jefferson,2019,205,198,7,0,0,0,0,64,46,35,0,0,205,0,0,0
New York,36047,Kings,2019,365,335,30,0,0,0,0,75,46,27,0,0,0,0,365,0
New York,36055,Monroe,2019,365,321,44,0,0,0,0,90,52,36,0,3,235,0,127,0
New York,36059,Nassau,2019,363,344,19,0,0,0,0,68,42,22,0,0,0,14,349,0
New York,36061,New York,2019,365,293,70,2,0,0,0,136,58,39,0,0,184,0,181,0
New York,36063,Niagara,2019,352,339,13,0,0,0,0,80,44,35,0,0,352,0,0,0
New York,36065,Oneida,2019,355,345,10,0,0,0,0,60,35,18,0,0,0,0,355,0
New York,36067,Onondaga,2019,365,337,28,0,0,0,0,77,49,37,0,0,281,0,84,0
New York,36071,Orange,2019,365,343,22,0,0,0,0,74,47,36,0,0,275,0,90,0
New York,36075,Oswego,2019,321,316,5,0,0,0,0,67,45,34,0,0,321,0,0,0
New York,36079,Putnam,2019,364,348,15,1,0,0,0,101,46,34,0,0,329,35,0,0
New York,36081,Queens,2019,365,292,69,4,0,0,0,119,58,40,0,85,189,0,91,0
New York,36085,Richmond,2019,365,314,51,0,0,0,0,97,55,37,0,0,224,0,141,0
New York,36087,Rockland,2019,365,335,29,1,0,0,0,112,49,36,0,0,296,0,69,0
New York,36091,Saratoga,2019,331,328,3,0,0,0,0,58,44,33,0,0,331,0,0,0
New York,,Seneca,2019,360,360,0,0,0,0,0,6,1,0,0,0,0,360,0,0
New York,36089,St. Lawrence,2019,365,279,76,10,0,0,0,105,80,17,0,0,0,365,0,0
New York,36101,Steuben,2019,365,349,16,0,0,0,0,65,47,35,0,0,292,0,73,0
New York,36103,Suffolk,2019,365,300,56,9,0,0,0,150,61,40,0,0,295,1,69,0
New York,36109,Tompkins,2019,365,358,7,0,0,0,0,61,45,34,0,0,353,12,0,0
New York,36117,Wayne,2019,268,253,15,0,0,0,0,90,47,35,0,0,268,0,0,0
New York,36119,Westchester,2019,365,330,34,1,0,0,0,105,50,36,0,0,292,0,73,0
North Carolina,37003,Alexander,2019,305,274,31,0,0,0,0,80,51,39,0,0,245,0,0,60
North Carolina,37011,Avery,2019,363,335,28,0,0,0,0,77,49,40,0,0,361,0,2,0
North Carolina,37013,Beaufort,2019,352,352,0,0,0,0,0,39,6,0,0,0,0,352,0,0
North Carolina,37019,Brunswick,2019,351,325,24,2,0,0,0,119,46,0,0,0,0,351,0,0
North Carolina,37021,Buncombe,2019,365,328,37,0,0,0,0,84,51,38,0,0,197,7,161,0
North Carolina,37027,Caldwell,2019,304,275,29,0,0,0,0,74,50,39,0,0,243,61,0,0
North Carolina,37031,Carteret,2019,259,239,20,0,0,0,0,80,50,37,0,0,259,0,0,0
North Carolina,37033,Caswell,2019,245,236,9,0,0,0,0,64,47,39,0,0,245,0,0,0
North Carolina,37035,Catawba,2019,361,298,63,0,0,0,0,71,54,33,0,0,0,0,361,0
North Carolina,37051,Cumberland,2019,363,282,81,0,0,0,0,84,58,41,0,0,206,0,153,4
North Carolina,37057,Davidson,2019,350,272,78,0,0,0,0,91,56,35,0,0,0,0,350,0
North Carolina,37063,Durham,2019,364,293,71,0,0,0,0,87,56,42,0,0,203,0,161,0
North Carolina,37065,Edgecombe,2019,363,325,38,0,0,0,0,71,51,36,0,0,200,0,163,0
North Carolina,37067,Forsyth,2019,365,236,129,0,0,0,0,97,64,45,0,12,180,0,173,0
North Carolina,37075,Graham,2019,245,191,54,0,0,0,0,97,61,44,0,0,245,0,0,0
North Carolina,37077,Granville,2019,240,195,45,0,0,0,0,87,64,44,0,0,240,0,0,0
North Carolina,37081,Guilford,2019,365,293,72,0,0,0,0,90,61,42,0,0,222,0,117,26
North Carolina,37087,Haywood,2019,364,296,66,2,0,0,0,108,61,43,0,0,244,102,18,0
North Carolina,,Hyde,2019,102,100,2,0,0,0,0,59,31,18,0,0,0,0,102,0
North Carolina,37099,Jackson,2019,103,100,3,0,0,0,0,62,45,26,0,0,0,0,103,0
North Carolina,37101,Johnston,2019,363,294,69,0,0,0,0,87,55,40,0,0,166,0,197,0
North Carolina,37107,Lenoir,2019,237,205,32,0,0,0,0,87,54,42,0,0,237,0,0,0
North Carolina,37109,Lincoln,2019,243,178,65,0,0,0,0,97,64,44,0,0,243,0,0,0
North Carolina,37113,Macon,2019,358,343,15,0,0,0,0,87,46,33,0,0,358,0,0,0
North Carolina,37117,Martin,2019,356,322,34,0,0,0,0,74,50,36,0,0,237,61,0,58
North Carolina,37119,Mecklenburg,2019,365,234,121,10,0,0,0,136,71,45,0,2,217,0,146,0
North Carolina,37121,Mitchell,2019,333,325,8,0,0,0,0,59,40,22,0,0,0,0,333,0
North Carolina,37123,Montgomery,2019,365,308,57,0,0,0,0,71,53,39,0,0,248,0,117,0
North Carolina,37129,New Hanover,2019,348,319,29,0,0,0,0,80,50,34,0,0,222,0,126,0
North Carolina,37131,Northampton,2019,153,138,15,0,0,0,0,71,49,32,0,11,0,0,142,0
North Carolina,37145,Person,2019,362,314,48,0,0,0,0,92,51,39,0,0,240,122,0,0
North Carolina,37147,Pitt,2019,352,308,44,0,0,0,0,87,52,38,0,0,208,0,144,0
North Carolina,37157,Rockingham,2019,245,207,38,0,0,0,0,84,58,44,0,0,245,0,0,0
North Carolina,37159,Rowan,2019,365,289,76,0,0,0,0,100,64,43,0,0,325,0,40,0
North Carolina,37173,Swain,2019,362,323,39,0,0,0,0,90,51,37,0,0,182,0,180,0
North Carolina,37179,Union,2019,235,175,57,3,0,0,0,105,64,45,0,0,235,0,0,0
North Carolina,37183,Wake,2019,365,245,120,0,0,0,0,93,61,46,1,1,175,0,188,0
North Carolina,37199,Yancey,2019,244,191,53,0,0,0,0,87,64,45,0,0,244,0,0,0
North Dakota,38007,Billings,2019,365,354,11,0,0,0,0,84,45,33,0,0,327,0,38,0
North Dakota,38013,Burke,2019,365,354,11,0,0,0,0,67,45,32,0,1,324,3,36,1
North Dakota,38015,Burleigh,2019,365,331,34,0,0,0,0,90,49,31,0,10,212,0,135,8
North Dakota,38017,Cass,2019,363,327,34,1,1,0,0,156,50,33,0,9,264,0,88,2
North Dakota,38025,Dunn,2019,365,348,17,0,0,0,0,87,46,34,0,0,339,0,26,0
North Dakota,38053,McKenzie,2019,365,353,12,0,0,0,0,77,46,34,0,1,338,0,25,1
North Dakota,38057,Mercer,2019,365,341,24,0,0,0,0,71,48,35,0,0,270,6,89,0
North Dakota,38065,Oliver,2019,365,339,26,0,0,0,0,84,48,34,0,0,342,0,23,0
North Dakota,38101,Ward,2019,364,347,17,0,0,0,0,87,44,29,0,7,262,0,91,4
North Dakota,38105,Williams,2019,365,309,53,3,0,0,0,128,56,34,0,0,253,56,55,1
Ohio,39001,Adams,2019,365,361,4,0,0,0,0,61,36,20,0,0,0,41,324,0
Ohio,39003,Allen,2019,364,303,61,0,0,0,0,97,56,39,0,0,214,32,118,0
Ohio,39007,Ashtabula,2019,358,334,23,1,0,0,0,112,47,34,0,0,245,113,0,0
Ohio,39009,Athens,2019,120,116,4,0,0,0,0,56,43,25,0,0,0,0,120,0
Ohio,39013,Belmont,2019,365,349,16,0,0,0,0,66,38,15,14,251,0,1,90,9
Ohio,39017,Butler,2019,365,247,105,13,0,0,0,147,78,44,0,0,275,27,58,5
Ohio,39023,Clark,2019,365,220,143,2,0,0,0,105,64,45,0,0,157,3,205,0
Ohio,39025,Clermont,2019,358,287,67,4,0,0,0,140,58,40,0,0,213,0,145,0
Ohio,39027,Clinton,2019,244,203,41,0,0,0,0,100,58,43,0,0,244,0,0,0
Ohio,39029,Columbiana,2019,350,350,0,0,0,0,0,26,11,1,0,0,0,288,0,62
Ohio,39035,Cuyahoga,2019,365,188,173,4,0,0,0,108,70,50,0,3,133,2,214,13
Ohio,39041,Delaware,2019,241,214,27,0,0,0,0,84,51,41,0,0,241,0,0,0
Ohio,39047,Fayette,2019,355,332,23,0,0,0,0,74,48,38,0,0,355,0,0,0
Ohio,39049,Franklin,2019,365,244,120,1,0,0,0,101,65,46,0,5,174,0,185,1
Ohio,39053,Gallia,2019,365,337,26,2,0,0,0,117,46,6,0,0,0,365,0,0
Ohio,39055,Geauga,2019,230,189,39,2,0,0,0,119,61,42,0,0,230,0,0,0
Ohio,39057,Greene,2019,243,213,30,0,0,0,0,90,54,41,0,0,243,0,0,0
Ohio,39061,Hamilton,2019,365,162,197,6,0,0,0,119,77,52,0,7,152,0,206,0
Ohio,39067,Harrison,2019,293,290,3,0,0,0,0,59,30,2,236,0,0,0,55,2
Ohio,39081,Jefferson,2019,365,232,131,2,0,0,0,123,63,45,0,0,119,7,239,0
Ohio,39083,Knox,2019,245,218,27,0,0,0,0,93,51,41,0,0,245,0,0,0
Ohio,39085,Lake,2019,365,317,43,5,0,0,0,115,54,37,0,0,231,1,133,0
Ohio,39087,Lawrence,2019,365,328,37,0,0,0,0,77,51,39,0,0,197,0,168,0
Ohio,39089,Licking,2019,245,223,22,0,0,0,0,80,50,41,0,0,245,0,0,0
Ohio,39093,Lorain,2019,362,313,49,0,0,0,0,72,52,38,0,0,204,0,158,0
Ohio,39095,Lucas,2019,365,293,71,1,0,0,0,143,61,40,0,0,200,15,150,0
Ohio,39097,Madison,2019,245,209,36,0,0,0,0,93,54,42,0,0,245,0,0,0
Ohio,39099,Mahoning,2019,365,308,57,0,0,0,0,84,54,39,0,0,177,5,183,0
Ohio,39103,Medina,2019,353,304,49,0,0,0,0,78,53,38,0,0,163,0,190,0
Ohio,39109,Miami,2019,241,226,15,0,0,0,0,77,49,40,0,0,241,0,0,0
Ohio,39113,Montgomery,2019,365,229,136,0,0,0,0,94,64,45,0,0,168,0,195,2
Ohio,39115,Morgan,2019,351,351,0,0,0,0,0,29,10,1,0,0,0,351,0,0
Ohio,39121,Noble,2019,361,336,25,0,0,0,0,87,49,37,0,0,341,0,20,0
Ohio,39133,Portage,2019,270,252,18,0,0,0,0,87,49,37,0,0,214,0,56,0
Ohio,39135,Preble,2019,364,266,98,0,0,0,0,93,60,43,0,0,219,0,145,0
Ohio,39145,Scioto,2019,365,356,9,0,0,0,0,78,37,14,0,0,0,52,103,210
Ohio,39151,Stark,2019,365,226,139,0,0,0,0,100,67,46,0,0,164,0,201,0
Ohio,39153,Summit,2019,365,279,83,3,0,0,0,115,61,42,0,0,170,2,193,0
Ohio,39155,Trumbull,2019,362,295,67,0,0,0,0,100,58,40,0,0,208,0,154,0
Ohio,39165,Warren,2019,360,284,73,3,0,0,0,122,63,43,0,0,199,0,161,0
Ohio,39167,Washington,2019,245,219,26,0,0,0,0,87,51,41,0,0,245,0,0,0
Ohio,39173,Wood,2019,244,225,19,0,0,0,0,87,49,38,0,0,244,0,0,0
Oklahoma,40001,Adair,2019,365,338,27,0,0,0,0,86,49,37,1,0,262,0,98,4
Oklahoma,40017,Canadian,2019,355,306,48,1,0,0,0,105,54,37,0,0,355,0,0,0
Oklahoma,40019,Carter,2019,365,285,80,0,0,0,0,97,58,43,0,0,218,0,147,0
Oklahoma,,Choctaw,2019,252,238,14,0,0,0,0,90,47,37,0,0,252,0,0,0
Oklahoma,40027,Cleveland,2019,365,231,134,0,0,0,0,90,64,45,0,0,192,0,173,0
Oklahoma,40031,Comanche,2019,365,285,80,0,0,0,0,97,62,43,0,0,224,0,141,0
Oklahoma,40037,Creek,2019,356,331,24,1,0,0,0,101,48,36,0,0,356,0,0,0
Oklahoma,40039,Custer,2019,236,235,1,0,0,0,0,58,26,14,0,0,0,0,0,236
Oklahoma,40043,Dewey,2019,365,293,72,0,0,0,0,93,58,42,0,0,240,0,125,0
Oklahoma,40047,Garfield,2019,345,339,6,0,0,0,0,74,13,0,0,0,0,345,0,0
Oklahoma,40069,Grant,2019,27,27,0,0,0,0,0,32,31,16,0,0,0,0,27,0
Oklahoma,40069,Johnston,2019,141,128,13,0,0,0,0,67,50,40,0,0,141,0,0,0
Oklahoma,40071,Kay,2019,365,292,72,1,0,0,0,106,57,40,0,0,139,4,222,0
Oklahoma,40079,Le Flore,2019,38,35,3,0,0,0,0,79,48,28,0,0,0,0,34,4
Oklahoma,40097,Mayes,2019,365,351,14,0,0,0,0,100,46,32,0,0,296,69,0,0
Oklahoma,40101,Muskogee,2019,286,269,15,1,1,0,0,169,35,5,0,0,0,152,0,134
Oklahoma,40105,Nowata,2019,365,287,77,1,0,0,0,118,56,41,0,0,229,0,136,0
Oklahoma,40109,Oklahoma,2019,365,227,137,1,0,0,0,119,70,46,0,5,204,0,155,1
Oklahoma,40113,Osage,2019,354,311,43,0,0,0,0,90,51,38,0,0,354,0,0,0
Oklahoma,40115,Ottawa,2019,363,289,73,1,0,0,0,104,57,38,0,0,80,0,251,32
Oklahoma,40121,Pittsburg,2019,365,272,91,2,0,0,0,105,59,43,0,0,238,0,127,0
Oklahoma,40135,Sequoyah,2019,361,325,36,0,0,0,0,67,50,36,0,18,201,0,142,0
Oklahoma,40143,Tulsa,2019,365,256,108,1,0,0,0,105,65,44,0,3,225,0,137,0
Oregon,,Baker,2019,360,328,32,0,0,0,0,64,49,23,0,0,0,0,360,0
Oregon,41003,Benton,2019,365,332,33,0,0,0,0,85,49,17,0,0,0,0,365,0
Oregon,41005,Clackamas,2019,225,217,7,1,0,0,0,101,44,30,0,0,143,0,82,0
Oregon,41009,Columbia,2019,363,355,8,0,0,0,0,84,38,24,0,0,141,0,222,0
Oregon,,Coos,2019,107,106,1,0,0,0,0,58,35,19,0,0,0,0,107,0
Oregon,41013,Crook,2019,365,296,68,1,0,0,0,103,59,23,0,0,0,0,365,0
Oregon,41017,Deschutes,2019,365,341,19,4,1,0,0,153,43,20,0,0,0,0,365,0
Oregon,41019,Douglas,2019,347,288,59,0,0,0,0,80,59,24,0,0,0,0,347,0
Oregon,,Grant,2019,349,255,93,1,0,0,0,103,60,30,0,0,0,0,349,0
Oregon,41025,Harney,2019,364,264,95,5,0,0,0,131,66,33,0,0,0,0,363,1
Oregon,41029,Jackson,2019,365,295,63,3,4,0,0,180,61,36,0,0,141,0,224,0
Oregon,41033,Jefferson,2019,365,291,72,2,0,0,0,122,61,22,0,0,0,0,365,0
Oregon,41033,Josephine,2019,365,283,77,3,2,0,0,169,64,26,0,0,0,0,365,0
Oregon,41035,Klamath,2019,365,261,98,6,0,0,0,126,75,29,0,0,0,0,361,4
Oregon,41037,Lake,2019,363,311,51,1,0,0,0,106,56,19,0,0,0,0,363,0
Oregon,41039,Lane,2019,365,254,103,8,0,0,0,117,75,38,0,0,107,0,248,10
Oregon,41043,Linn,2019,365,280,83,2,0,0,0,104,62,28,0,0,0,0,365,0
Oregon,41047,Marion,2019,356,302,54,0,0,0,0,92,59,32,0,0,138,0,218,0
Oregon,41051,Multnomah,2019,365,321,44,0,0,0,0,89,52,34,0,11,228,0,126,0
Oregon,41059,Umatilla,2019,365,296,68,1,0,0,0,104,58,37,0,0,150,0,215,0
Oregon,41061,Union,2019,365,344,21,0,0,0,0,86,43,20,0,0,0,0,362,3
Oregon,,Wallowa,2019,363,333,29,1,0,0,0,103,48,22,0,0,0,0,363,0
Oregon,41065,Wasco,2019,350,298,52,0,0,0,0,88,57,23,0,0,0,0,350,0
Oregon,41067,Washington,2019,365,310,54,1,0,0,0,102,57,32,0,13,165,0,186,1
Pennsylvania,42001,Adams,2019,365,288,77,0,0,0,0,85,59,42,0,0,266,0,99,0
Pennsylvania,42003,Allegheny,2019,365,138,212,11,4,0,0,161,81,55,0,0,98,24,243,0
Pennsylvania,42005,Armstrong,2019,365,323,42,0,0,0,0,71,51,37,0,0,246,0,119,0
Pennsylvania,42007,Beaver,2019,365,248,116,1,0,0,0,132,64,45,0,0,231,0,134,0
Pennsylvania,42011,Berks,2019,365,279,80,5,1,0,0,165,63,42,0,0,242,0,123,0
Pennsylvania,42013,Blair,2019,354,281,73,0,0,0,0,92,60,41,0,0,211,2,141,0
Pennsylvania,42015,Bradford,2019,352,314,38,0,0,0,0,75,52,36,0,0,242,0,110,0
Pennsylvania,42017,Bucks,2019,357,318,36,3,0,0,0,136,54,35,0,0,357,0,0,0
Pennsylvania,42021,Cambria,2019,365,296,69,0,0,0,0,88,57,39,2,4,189,0,170,0
Pennsylvania,42027,Centre,2019,365,267,98,0,0,0,0,99,62,44,0,0,203,0,162,0
Pennsylvania,42029,Chester,2019,364,266,96,2,0,0,0,115,64,43,0,0,257,0,107,0
Pennsylvania,42033,Clearfield,2019,359,357,2,0,0,0,0,61,44,33,0,0,359,0,0,0
Pennsylvania,42041,Cumberland,2019,365,268,92,5,0,0,0,150,64,38,0,0,0,0,365,0
Pennsylvania,42043,Dauphin,2019,365,286,75,3,1,0,0,158,64,41,0,0,237,0,127,1
Pennsylvania,42045,Delaware,2019,365,240,118,7,0,0,0,133,71,44,0,6,208,0,151,0
Pennsylvania,42047,Elk,2019,357,345,12,0,0,0,0,80,46,35,0,0,357,0,0,0
Pennsylvania,42049,Erie,2019,364,322,42,0,0,0,0,93,51,36,2,7,245,0,110,0
Pennsylvania,42051,Fayette,2019,360,313,47,0,0,0,0,72,54,39,0,0,271,0,89,0
Pennsylvania,42055,Franklin,2019,341,324,17,0,0,0,0,80,48,36,0,0,341,0,0,0
Pennsylvania,42059,Greene,2019,349,329,20,0,0,0,0,71,48,35,0,0,257,0,92,0
Pennsylvania,42063,Indiana,2019,364,337,27,0,0,0,0,93,49,38,0,0,348,16,0,0
Pennsylvania,42069,Lackawanna,2019,365,333,32,0,0,0,0,80,49,37,0,22,290,0,53,0
Pennsylvania,42071,Lancaster,2019,365,238,117,9,1,0,0,157,72,45,0,0,198,0,167,0
Pennsylvania,42073,Lawrence,2019,361,356,5,0,0,0,0,74,43,31,0,0,361,0,0,0
Pennsylvania,42075,Lebanon,2019,360,278,78,4,0,0,0,142,62,42,0,0,219,0,141,0
Pennsylvania,42077,Lehigh,2019,360,293,64,3,0,0,0,119,61,38,0,0,247,0,111,2
Pennsylvania,42079,Luzerne,2019,361,350,11,0,0,0,0,77,45,34,0,0,351,1,0,9
Pennsylvania,42081,Lycoming,2019,361,340,21,0,0,0,0,74,46,35,0,0,299,0,62,0
Pennsylvania,42085,Mercer,2019,365,290,75,0,0,0,0,95,57,41,0,0,259,0,106,0
Pennsylvania,42089,Monroe,2019,349,340,9,0,0,0,0,80,45,34,0,0,349,0,0,0
Pennsylvania,42091,Montgomery,2019,362,302,59,1,0,0,0,129,58,35,0,0,238,0,124,0
Pennsylvania,42095,Northampton,2019,363,286,74,3,0,0,0,114,62,40,0,2,242,0,119,0
Pennsylvania,42101,Philadelphia,2019,365,244,115,6,0,0,0,140,71,44,0,30,206,0,129,0
Pennsylvania,42111,Somerset,2019,359,340,19,0,0,0,0,80,48,36,0,0,359,0,0,0
Pennsylvania,42115,Susquehanna,2019,352,328,24,0,0,0,0,76,46,24,0,0,0,0,352,0
Pennsylvania,42117,Tioga,2019,361,342,19,0,0,0,0,74,47,36,0,3,288,0,70,0
Pennsylvania,42123,Warren,2019,365,357,6,2,0,0,0,120,27,9,0,0,0,365,0,0
Pennsylvania,42125,Washington,2019,365,252,113,0,0,0,0,94,64,44,0,0,205,0,160,0
Pennsylvania,42129,Westmoreland,2019,354,319,35,0,0,0,0,93,50,38,0,0,278,0,76,0
Pennsylvania,42131,Wyoming,2019,27,19,8,0,0,0,0,85,63,29,0,0,0,0,27,0
Pennsylvania,42133,York,2019,365,299,66,0,0,0,0,93,56,41,0,21,232,1,111,0
Puerto Rico,,Adjuntas,2019,117,108,9,0,0,0,0,66,44,18,0,0,0,0,117,0
Puerto Rico,,Bayamon,2019,305,288,17,0,0,0,0,95,42,17,11,0,114,49,131,0
Puerto Rico,,Caguas,2019,354,334,16,4,0,0,0,114,35,10,119,121,0,0,114,0
Puerto Rico,,Catano,2019,348,231,106,10,1,0,0,159,88,33,0,0,69,3,223,53
Puerto Rico,,Fajardo,2019,119,104,15,0,0,0,0,84,52,22,0,0,0,0,116,3
Puerto Rico,,Guayama,2019,224,220,4,0,0,0,0,96,12,0,0,0,0,196,28,0
Puerto Rico,,Guaynabo,2019,362,325,33,4,0,0,0,110,51,20,23,235,0,0,89,15
Puerto Rico,,Mayagnez,2019,202,159,43,0,0,0,0,85,58,25,0,0,7,0,195,0
Puerto Rico,,Ponce,2019,351,247,98,6,0,0,0,136,65,35,9,0,0,0,247,95
Puerto Rico,,San Juan,2019,277,277,0,0,0,0,0,35,17,14,277,0,0,0,0,0
Rhode Island,44003,Kent,2019,351,328,23,0,0,0,0,93,48,32,0,0,201,0,150,0
Rhode Island,44007,Providence,2019,365,298,67,0,0,0,0,90,58,43,0,13,248,0,103,1
Rhode Island,44009,Washington,2019,352,322,28,2,0,0,0,126,49,36,0,0,208,0,144,0
South Carolina,45003,Aiken,2019,265,230,35,0,0,0,0,97,58,39,0,0,265,0,0,0
South Carolina,45007,Anderson,2019,225,175,49,1,0,0,0,108,67,43,0,0,225,0,0,0
South Carolina,45015,Berkeley,2019,216,189,27,0,0,0,0,100,54,36,0,0,216,0,0,0
South Carolina,45019,Charleston,2019,357,305,51,1,0,0,0,140,52,37,0,0,223,0,133,1
South Carolina,45025,Chesterfield,2019,364,281,83,0,0,0,0,90,61,39,0,0,265,0,99,0
South Carolina,45029,Colleton,2019,7,7,0,0,0,0,0,32,32,29,0,0,5,0,2,0
South Carolina,45031,Darlington,2019,282,227,55,0,0,0,0,100,61,41,0,0,282,0,0,0
South Carolina,45037,Edgefield,2019,365,299,66,0,0,0,0,88,58,39,0,0,227,0,138,0
South Carolina,45041,Florence,2019,361,323,38,0,0,0,0,70,51,30,0,0,0,0,361,0
South Carolina,45043,Georgetown,2019,92,91,1,0,0,0,0,52,25,14,0,0,0,0,0,92
South Carolina,45045,Greenville,2019,365,237,127,1,0,0,0,101,67,45,0,3,234,0,127,1
South Carolina,45051,Horry,2019,261,205,56,0,0,0,0,97,64,41,0,0,261,0,0,0
South Carolina,45063,Lexington,2019,365,309,56,0,0,0,0,66,53,33,0,0,0,0,359,6
South Carolina,45073,Oconee,2019,365,308,56,1,0,0,0,105,54,41,0,0,272,50,43,0
South Carolina,,Pickens,2019,251,175,76,0,0,0,0,93,71,45,0,0,251,0,0,0
South Carolina,45079,Richland,2019,365,282,81,2,0,0,0,136,65,42,0,0,283,0,82,0
South Carolina,45083,Spartanburg,2019,357,249,106,2,0,0,0,105,65,44,0,0,221,0,136,0
South Carolina,45091,York,2019,365,262,95,8,0,0,0,133,68,44,0,0,250,0,115,0
South Dakota,46011,Brookings,2019,365,284,76,5,0,0,0,126,64,42,0,0,329,0,23,13
South Dakota,46013,Brown,2019,122,112,10,0,0,0,0,77,42,20,0,0,0,0,111,11
South Dakota,46029,Codington,2019,361,325,36,0,0,0,0,83,50,25,0,0,0,0,278,83
South Dakota,46033,Custer,2019,362,355,7,0,0,0,0,84,48,39,0,0,356,0,5,1
South Dakota,46065,Hughes,2019,356,350,6,0,0,0,0,65,28,11,0,0,0,0,356,0
South Dakota,46071,Jackson,2019,365,349,16,0,0,0,0,61,48,38,0,2,350,0,13,0
South Dakota,46093,Meade,2019,365,358,7,0,0,0,0,80,44,36,0,0,361,0,0,4
South Dakota,46099,Minnehaha,2019,365,321,43,1,0,0,0,105,52,36,0,9,307,0,47,2
South Dakota,46103,Pennington,2019,361,278,79,4,0,0,0,117,61,30,0,20,0,0,115,226
South Dakota,46127,Union,2019,364,327,37,0,0,0,0,97,51,35,0,2,267,0,82,13
Tennessee,47001,Anderson,2019,365,308,55,2,0,0,0,105,61,35,0,0,234,131,0,0
Tennessee,47009,Blount,2019,365,305,59,1,0,0,0,101,54,41,0,0,310,0,55,0
Tennessee,47025,Claiborne,2019,346,325,21,0,0,0,0,80,47,35,0,0,346,0,0,0
Tennessee,47037,Davidson,2019,365,248,116,1,0,0,0,101,62,45,0,26,132,0,207,0
Tennessee,47041,DeKalb,2019,363,335,28,0,0,0,0,80,49,37,0,0,363,0,0,0
Tennessee,47045,Dyer,2019,360,341,19,0,0,0,0,62,45,26,0,0,0,0,360,0
Tennessee,47065,Hamilton,2019,365,243,122,0,0,0,0,97,64,45,0,0,191,0,174,0
Tennessee,47089,Jefferson,2019,234,197,37,0,0,0,0,93,58,44,0,0,234,0,0,0
Tennessee,47093,Knox,2019,364,269,95,0,0,0,0,84,59,42,0,0,180,0,180,4
Tennessee,47099,Lawrence,2019,330,306,24,0,0,0,0,62,47,27,0,0,0,0,330,0
Tennessee,47105,Loudon,2019,365,313,52,0,0,0,0,93,54,37,0,0,151,0,214,0
Tennessee,47113,Madison,2019,362,330,32,0,0,0,0,60,49,27,0,0,0,0,362,0
Tennessee,47119,Maury,2019,362,352,10,0,0,0,0,61,42,23,0,0,0,0,362,0
Tennessee,47107,McMinn,2019,357,316,41,0,0,0,0,65,51,30,0,0,0,0,357,0
Tennessee,47125,Montgomery,2019,362,339,23,0,0,0,0,63,46,26,0,0,0,0,362,0
Tennessee,47141,Putnam,2019,360,351,9,0,0,0,0,63,45,25,0,0,0,0,360,0
Tennessee,47145,Roane,2019,356,338,18,0,0,0,0,71,46,28,0,0,0,0,356,0
Tennessee,47155,Sevier,2019,364,287,77,0,0,0,0,90,61,44,0,0,364,0,0,0
Tennessee,47157,Shelby,2019,365,239,122,4,0,0,0,148,64,44,0,7,200,0,157,1
Tennessee,47163,Sullivan,2019,365,237,107,21,0,0,0,121,77,45,0,0,159,129,77,0
Tennessee,47165,Sumner,2019,357,284,73,0,0,0,0,93,60,40,0,0,200,0,157,0
Tennessee,47187,Williamson,2019,245,215,30,0,0,0,0,84,51,42,0,0,245,0,0,0
Tennessee,47189,Wilson,2019,231,205,26,0,0,0,0,80,51,40,0,0,231,0,0,0
Texas,48027,Bell,2019,365,284,79,2,0,0,0,105,58,42,0,1,265,0,99,0
Texas,48029,Bexar,2019,365,196,163,5,1,0,0,169,71,49,0,3,161,0,200,1
Texas,48037,Bowie,2019,349,254,94,1,0,0,0,109,58,39,0,0,0,0,349,0
Texas,48039,Brazoria,2019,365,325,33,6,1,0,0,161,51,33,0,5,360,0,0,0
Texas,48043,Brewster,2019,362,310,52,0,0,0,0,93,54,40,0,0,308,0,54,0
Texas,48061,Cameron,2019,365,236,129,0,0,0,0,89,62,44,0,0,128,0,237,0
Texas,48085,Collin,2019,365,309,48,7,1,0,0,156,58,40,0,0,365,0,0,0
Texas,48109,Culberson,2019,176,158,16,2,0,0,0,108,51,34,0,0,103,0,73,0
Texas,48113,Dallas,2019,365,227,132,6,0,0,0,143,72,45,0,20,199,0,146,0
Texas,48121,Denton,2019,365,280,73,12,0,0,0,133,67,43,0,6,287,0,72,0
Texas,48135,Ector,2019,354,319,35,0,0,0,0,80,50,28,0,0,0,0,354,0
Texas,48141,El Paso,2019,365,147,205,11,2,0,0,157,84,53,0,21,204,0,137,3
Texas,48139,Ellis,2019,365,300,65,0,0,0,0,97,56,40,0,6,269,0,90,0
Texas,48161,Freestone,2019,357,357,0,0,0,0,0,31,1,0,0,0,0,357,0,0
Texas,48167,Galveston,2019,365,293,64,8,0,0,0,136,61,39,0,3,261,3,97,1
Texas,48183,Gregg,2019,362,322,39,1,0,0,0,112,51,35,0,2,343,17,0,0
Texas,48201,Harris,2019,365,179,159,22,4,1,0,202,93,51,0,22,154,2,184,3
Texas,48203,Harrison,2019,364,296,67,1,0,0,0,113,54,38,0,0,202,35,127,0
Texas,48215,Hidalgo,2019,365,243,120,2,0,0,0,106,66,42,0,0,132,0,232,1
Texas,48221,Hood,2019,357,325,31,1,0,0,0,133,50,35,0,0,357,0,0,0
Texas,48227,Howard,2019,334,294,36,4,0,0,0,115,54,11,0,0,0,334,0,0
Texas,48231,Hunt,2019,364,345,19,0,0,0,0,97,47,35,0,3,361,0,0,0
Texas,48233,Hutchinson,2019,359,221,57,79,2,0,0,162,117,19,0,0,0,359,0,0
Texas,48245,Jefferson,2019,365,249,109,6,1,0,0,174,65,43,0,0,202,15,148,0
Texas,48251,Johnson,2019,352,298,47,7,0,0,0,143,61,38,0,0,352,0,0,0
Texas,48257,Kaufman,2019,365,320,45,0,0,0,0,93,52,39,0,1,288,0,76,0
Texas,48273,Kleberg,2019,284,234,50,0,0,0,0,87,56,30,0,0,0,0,284,0
Texas,48303,Lubbock,2019,330,316,13,1,0,0,0,103,42,25,0,0,0,0,330,0
Texas,48323,Maverick,2019,339,287,51,1,0,0,0,104,54,25,0,0,0,0,339,0
Texas,48309,McLennan,2019,365,329,36,0,0,0,0,87,50,38,1,0,321,0,43,0
Texas,48331,Milam,2019,338,338,0,0,0,0,0,4,1,0,0,0,0,338,0,0
Texas,48339,Montgomery,2019,365,306,54,5,0,0,0,143,58,38,0,2,284,0,79,0
Texas,48349,Navarro,2019,365,275,80,7,3,0,0,193,67,41,0,2,225,67,71,0
Texas,48355,Nueces,2019,365,262,102,1,0,0,0,107,62,42,0,0,171,1,193,0
Texas,48361,Orange,2019,365,288,75,2,0,0,0,111,59,39,0,0,195,20,150,0
Texas,48367,Parker,2019,363,317,46,0,0,0,0,100,54,37,0,0,363,0,0,0
Texas,48373,Polk,2019,344,334,10,0,0,0,0,74,44,31,0,0,344,0,0,0
Texas,48375,Potter,2019,365,322,35,8,0,0,0,119,55,22,0,0,0,110,255,0
Texas,48381,Randall,2019,354,280,72,2,0,0,0,112,61,41,0,0,354,0,0,0
Texas,48395,Robertson,2019,352,352,0,0,0,0,0,17,1,0,0,0,0,352,0,0
Texas,48397,Rockwall,2019,323,305,16,2,0,0,0,105,47,34,0,0,323,0,0,0
Texas,48401,Rusk,2019,358,316,34,8,0,0,0,129,57,9,0,0,0,358,0,0
Texas,48423,Smith,2019,364,326,37,1,0,0,0,133,51,36,0,4,360,0,0,0
Texas,48439,Tarrant,2019,365,234,117,14,0,0,0,147,74,44,0,16,216,0,133,0
Texas,48449,Titus,2019,348,346,2,0,0,0,0,54,11,0,0,0,0,348,0,0
Texas,48453,Travis,2019,365,249,114,2,0,0,0,115,63,44,0,7,178,0,180,0
Texas,48469,Victoria,2019,341,319,22,0,0,0,0,87,48,31,0,0,341,0,0,0
Texas,48479,Webb,2019,365,258,106,1,0,0,0,109,67,41,0,0,138,0,225,2
Utah,49003,Box Elder,2019,364,313,49,2,0,0,0,121,54,40,0,66,275,0,23,0
Utah,49005,Cache,2019,365,272,79,14,0,0,0,147,67,44,0,1,289,0,75,0
Utah,49007,Carbon,2019,365,265,99,1,0,0,0,108,64,46,0,4,361,0,0,0
Utah,49011,Davis,2019,365,265,94,6,0,0,0,119,73,44,0,41,270,0,54,0
Utah,49013,Duchesne,2019,365,234,120,7,4,0,0,177,71,48,0,0,332,0,33,0
Utah,49017,Garfield,2019,299,258,41,0,0,0,0,80,51,41,0,0,268,0,31,0
Utah,49021,Iron,2019,365,329,36,0,0,0,0,84,50,42,0,20,323,0,22,0
Utah,49035,Salt Lake,2019,365,172,177,16,0,0,0,136,88,51,0,35,243,0,82,5
Utah,49037,San Juan,2019,362,299,63,0,0,0,0,93,58,44,0,0,362,0,0,0
Utah,49045,Tooele,2019,365,302,61,2,0,0,0,117,61,43,0,1,312,0,52,0
Utah,49047,Uintah,2019,365,223,125,12,4,1,0,205,77,49,0,0,343,0,22,0
Utah,49049,Utah,2019,365,253,111,1,0,0,0,107,67,46,0,7,297,0,59,2
Utah,49053,Washington,2019,365,291,74,0,0,0,0,93,61,44,0,0,355,0,10,0
Utah,,Wayne,2019,109,109,0,0,0,0,0,20,16,9,0,0,0,0,109,0
Utah,49057,Weber,2019,308,243,63,2,0,0,0,108,64,42,0,35,214,0,59,0
Vermont,50003,Bennington,2019,365,345,20,0,0,0,0,94,46,35,0,0,312,0,53,0
Vermont,50007,Chittenden,2019,365,335,30,0,0,0,0,80,49,37,0,0,283,0,82,0
Vermont,50021,Rutland,2019,365,322,43,0,0,0,0,88,53,36,0,1,237,0,126,1
Vermont,,Windham,2019,104,104,0,0,0,0,0,40,20,8,0,0,0,0,104,0
Virgin Islands,,St Croix,2019,57,51,6,0,0,0,0,71,59,20,0,0,0,0,57,0
Virgin Islands,,St John,2019,101,93,8,0,0,0,0,74,44,15,0,0,0,0,101,0
Virgin Islands,,St Thomas,2019,268,225,43,0,0,0,0,91,57,28,0,0,0,0,268,0
Virginia,51003,Albemarle,2019,282,264,18,0,0,0,0,67,48,40,0,0,233,0,49,0
Virginia,,Alexandria City,2019,109,109,0,0,0,0,0,16,8,5,0,0,0,0,0,109
Virginia,51013,Arlington,2019,365,305,59,1,0,0,0,112,60,38,1,98,228,0,38,0
Virginia,51023,Botetourt,2019,355,353,2,0,0,0,0,71,16,0,0,0,0,355,0,0
Virginia,51520,Bristol City,2019,117,113,4,0,0,0,0,68,45,26,0,0,0,0,117,0
Virginia,51033,Caroline,2019,239,229,10,0,0,0,0,84,48,39,0,0,239,0,0,0
Virginia,51035,Carroll,2019,61,61,0,0,0,0,0,18,15,9,0,0,0,0,0,61
Virginia,51036,Charles,2019,356,337,19,0,0,0,0,90,47,34,0,89,218,2,47,0
Virginia,51041,Chesterfield,2019,280,255,25,0,0,0,0,87,50,39,0,0,235,0,45,0
Virginia,51580,Covington City,2019,364,357,5,2,0,0,0,121,29,7,0,0,0,364,0,0
Virginia,51059,Fairfax,2019,365,260,103,2,0,0,0,105,61,44,0,38,167,0,160,0
Virginia,51061,Fauquier,2019,233,229,4,0,0,0,0,64,45,37,0,0,233,0,0,0
Virginia,51069,Frederick,2019,365,333,32,0,0,0,0,96,49,38,0,0,203,0,162,0
Virginia,51071,Giles,2019,365,306,55,4,0,0,0,134,59,41,0,0,296,69,0,0
Virginia,51650,Hampton City,2019,364,326,38,0,0,0,0,84,51,39,1,6,223,0,134,0
Virginia,51085,Hanover,2019,243,216,27,0,0,0,0,90,54,41,0,0,243,0,0,0
Virginia,51087,Henrico,2019,363,329,34,0,0,0,0,100,50,37,4,17,302,0,40,0
Virginia,51670,Hopewell City,2019,57,57,0,0,0,0,0,19,15,8,0,0,0,0,0,57
Virginia,51107,Loudoun,2019,337,298,38,1,0,0,0,112,53,37,0,78,211,0,48,0
Virginia,51680,Lynchburg City,2019,108,107,1,0,0,0,0,55,43,26,0,0,0,0,108,0
Virginia,51113,Madison,2019,362,336,26,0,0,0,0,67,50,41,0,0,352,0,10,0
Virginia,51121,Norfolk City,2019,364,357,7,0,0,0,0,69,36,18,12,250,0,0,101,1
Virginia,51147,Prince Edward,2019,358,351,7,0,0,0,0,67,44,35,0,0,358,0,0,0
Virginia,51153,Prince William,2019,364,347,17,0,0,0,0,100,48,36,0,119,245,0,0,0
Virginia,51760,Richmond City,2019,362,311,51,0,0,0,0,95,53,33,2,89,0,0,271,0
Virginia,51161,Roanoke,2019,365,329,36,0,0,0,0,71,50,37,0,57,203,0,105,0
Virginia,51163,Rockbridge,2019,274,263,11,0,0,0,0,71,46,38,0,0,234,0,40,0
Virginia,51165,Rockingham,2019,365,349,16,0,0,0,0,65,48,36,0,94,227,0,44,0
Virginia,51775,Salem City,2019,118,113,5,0,0,0,0,60,45,26,0,0,0,0,118,0
Virginia,51179,Stafford,2019,260,244,16,0,0,0,0,93,49,39,0,0,240,0,0,20
Virginia,51800,Suffolk City,2019,245,223,22,0,0,0,0,97,50,41,0,0,245,0,0,0
Virginia,51810,Virginia Beach City,2019,115,106,9,0,0,0,0,66,48,25,0,0,0,0,115,0
Virginia,51840,Winchester City,2019,57,57,0,0,0,0,0,24,14,8,0,0,0,0,0,57
Virginia,51197,Wythe,2019,242,232,10,0,0,0,0,71,48,41,0,0,242,0,0,0
Washington,53001,Adams,2019,360,354,6,0,0,0,0,88,31,13,0,0,0,0,360,0
Washington,53003,Asotin,2019,357,292,64,1,0,0,0,125,60,27,0,0,0,0,357,0
Washington,53005,Benton,2019,364,303,61,0,0,0,0,80,55,37,0,0,158,0,191,15
Washington,53007,Chelan,2019,365,298,66,1,0,0,0,102,56,24,0,0,0,0,365,0
Washington,53009,Clallam,2019,365,341,24,0,0,0,0,70,49,34,0,0,238,0,127,0
Washington,53011,Clark,2019,364,305,58,1,0,0,0,128,58,31,0,0,145,0,219,0
Washington,53013,Columbia,2019,365,340,25,0,0,0,0,68,42,17,0,0,0,0,365,0
Washington,53015,Cowlitz,2019,360,338,22,0,0,0,0,76,45,18,0,0,0,0,360,0
Washington,,Franklin,2019,333,314,19,0,0,0,0,71,43,16,0,0,0,0,333,0
Washington,,Garfield,2019,358,350,8,0,0,0,0,62,36,17,0,0,0,0,358,0
Washington,53025,Grant,2019,365,339,26,0,0,0,0,67,45,18,0,0,0,0,365,0
Washington,53027,Grays Harbor,2019,352,348,4,0,0,0,0,57,35,20,0,0,0,0,352,0
Washington,53031,Jefferson,2019,365,364,1,0,0,0,0,51,32,19,0,0,0,0,365,0
Washington,53033,King,2019,365,280,85,0,0,0,0,90,60,40,0,65,110,0,190,0
Washington,53035,Kitsap,2019,340,338,2,0,0,0,0,75,35,18,0,0,0,0,340,0
Washington,53037,Kittitas,2019,365,305,60,0,0,0,0,96,56,23,0,0,0,0,365,0
Washington,,Klickitat,2019,365,339,26,0,0,0,0,96,45,20,0,0,0,0,365,0
Washington,53041,Lewis,2019,365,343,22,0,0,0,0,62,45,20,0,0,0,0,365,0
Washington,53045,Mason,2019,361,339,22,0,0,0,0,71,43,21,0,0,0,0,361,0
Washington,53047,Okanogan,2019,365,260,105,0,0,0,0,90,64,31,0,0,0,0,365,0
Washington,53053,Pierce,2019,365,285,78,2,0,0,0,142,63,41,0,14,205,0,146,0
Washington,,San Juan,2019,112,112,0,0,0,0,0,39,23,16,0,0,0,0,112,0
Washington,53057,Skagit,2019,365,361,4,0,0,0,0,54,36,24,0,0,97,0,268,0
Washington,53061,Snohomish,2019,364,272,91,1,0,0,0,114,67,30,0,0,0,0,364,0
Washington,53063,Spokane,2019,365,301,63,1,0,0,0,107,59,37,0,0,143,0,197,25
Washington,53065,Stevens,2019,365,274,90,1,0,0,0,146,63,28,0,0,0,0,284,81
Washington,53067,Thurston,2019,365,323,42,0,0,0,0,71,52,30,0,0,150,0,215,0
Washington,53071,Walla Walla,2019,365,328,37,0,0,0,0,93,51,21,0,0,0,0,182,183
Washington,53073,Whatcom,2019,365,277,78,10,0,0,0,122,70,34,0,0,55,171,139,0
Washington,53075,Whitman,2019,365,354,11,0,0,0,0,67,38,18,0,0,0,0,365,0
Washington,53077,Yakima,2019,365,227,128,10,0,0,0,127,76,38,0,0,0,0,363,2
West Virginia,54003,Berkeley,2019,278,252,24,2,0,0,0,127,50,40,0,0,224,0,54,0
West Virginia,54009,Brooke,2019,365,317,45,3,0,0,0,112,53,24,0,0,0,149,114,102
West Virginia,54011,Cabell,2019,275,255,20,0,0,0,0,71,49,39,0,0,216,0,59,0
West Virginia,54021,Gilmer,2019,336,333,3,0,0,0,0,58,44,32,0,0,336,0,0,0
West Virginia,54025,Greenbrier,2019,242,222,20,0,0,0,0,84,50,42,0,0,242,0,0,0
West Virginia,54029,Hancock,2019,365,330,35,0,0,0,0,93,50,37,0,0,228,82,33,22
West Virginia,54033,Harrison,2019,111,101,10,0,0,0,0,59,49,31,0,0,0,0,111,0
West Virginia,54039,Kanawha,2019,365,314,51,0,0,0,0,93,54,40,18,0,240,3,104,0
West Virginia,54049,Marion,2019,99,87,12,0,0,0,0,61,54,31,0,0,0,0,99,0
West Virginia,54051,Marshall,2019,354,326,28,0,0,0,0,77,45,7,0,0,0,236,118,0
West Virginia,54053,Mason,2019,360,352,6,2,0,0,0,105,26,3,0,0,0,360,0,0
West Virginia,54057,Mineral,2019,344,321,10,12,1,0,0,161,31,3,0,0,0,344,0,0
West Virginia,54061,Monongalia,2019,364,337,27,0,0,0,0,74,49,36,0,0,226,87,51,0
West Virginia,54069,Ohio,2019,283,249,34,0,0,0,0,71,52,41,0,0,230,0,53,0
West Virginia,54093,Tucker,2019,362,349,13,0,0,0,0,61,47,35,0,0,355,0,7,0
West Virginia,54107,Wood,2019,364,333,31,0,0,0,0,87,49,35,0,0,226,88,50,0
Wisconsin,55003,Ashland,2019,364,343,21,0,0,0,0,78,47,34,0,0,313,0,51,0
Wisconsin,55009,Brown,2019,365,314,51,0,0,0,0,97,52,35,0,0,168,4,193,0
Wisconsin,55021,Columbia,2019,192,184,8,0,0,0,0,71,46,37,0,0,192,0,0,0
Wisconsin,55025,Dane,2019,365,287,78,0,0,0,0,93,61,38,0,0,161,0,204,0
Wisconsin,55027,Dodge,2019,365,297,67,1,0,0,0,122,57,40,0,0,260,0,105,0
Wisconsin,55029,Door,2019,201,191,9,1,0,0,0,112,47,35,0,0,201,0,0,0
Wisconsin,55035,Eau Claire,2019,363,305,58,0,0,0,0,90,55,34,0,0,167,0,196,0
Wisconsin,55039,Fond du Lac,2019,202,195,7,0,0,0,0,100,47,36,0,0,202,0,0,0
Wisconsin,55041,Forest,2019,363,338,25,0,0,0,0,97,48,35,0,0,296,0,67,0
Wisconsin,55043,Grant,2019,365,304,60,1,0,0,0,104,57,29,0,0,0,0,365,0
Wisconsin,55055,Jefferson,2019,203,191,12,0,0,0,0,100,48,37,0,0,203,0,0,0
Wisconsin,55059,Kenosha,2019,365,289,74,2,0,0,0,119,63,40,0,0,220,0,145,0
Wisconsin,55061,Kewaunee,2019,210,199,11,0,0,0,0,90,45,36,0,0,210,0,0,0
Wisconsin,55063,La Crosse,2019,365,310,55,0,0,0,0,83,57,35,0,0,186,0,179,0
Wisconsin,55071,Manitowoc,2019,202,187,15,0,0,0,0,100,48,36,0,0,202,0,0,0
Wisconsin,55073,Marathon,2019,205,196,9,0,0,0,0,84,47,34,0,0,205,0,0,0
Wisconsin,55079,Milwaukee,2019,365,269,93,3,0,0,0,105,64,42,0,11,193,0,154,7
Wisconsin,55085,Oneida,2019,365,363,2,0,0,0,0,52,7,0,0,0,0,365,0,0
Wisconsin,55087,Outagamie,2019,365,304,59,2,0,0,0,119,58,37,0,0,172,8,185,0
Wisconsin,55089,Ozaukee,2019,363,308,52,3,0,0,0,108,58,37,0,0,201,0,162,0
Wisconsin,55101,Racine,2019,203,174,28,1,0,0,0,115,58,39,0,0,203,0,0,0
Wisconsin,55105,Rock,2019,203,185,18,0,0,0,0,77,50,38,0,0,203,0,0,0
Wisconsin,55111,Sauk,2019,365,311,53,1,0,0,0,107,54,35,0,0,175,0,190,0
Wisconsin,55117,Sheboygan,2019,206,180,24,2,0,0,0,108,61,38,0,0,206,0,0,0
Wisconsin,55119,Taylor,2019,365,320,45,0,0,0,0,85,52,35,0,0,277,0,88,0
Wisconsin,55125,Vilas,2019,362,345,17,0,0,0,0,90,45,29,0,0,177,0,185,0
Wisconsin,55127,Walworth,2019,205,189,15,1,0,0,0,112,49,37,0,0,205,0,0,0
Wisconsin,55133,Waukesha,2019,365,281,83,1,0,0,0,115,60,40,0,0,154,0,210,1
Wyoming,56001,Albany,2019,365,247,118,0,0,0,0,90,61,47,0,0,328,0,2,35
Wyoming,56003,Big Horn,2019,356,344,12,0,0,0,0,77,46,36,0,0,356,0,0,0
Wyoming,56005,Campbell,2019,365,309,55,1,0,0,0,111,56,40,0,1,228,0,5,131
Wyoming,56007,Carbon,2019,365,325,38,2,0,0,0,139,51,43,0,8,347,10,0,0
Wyoming,56009,Converse,2019,365,317,47,1,0,0,0,101,52,41,0,3,319,1,3,39
Wyoming,56013,Fremont,2019,365,294,69,2,0,0,0,148,61,45,0,0,321,22,22,0
Wyoming,56019,Johnson,2019,364,345,19,0,0,0,0,80,49,40,0,1,356,0,0,7
Wyoming,56021,Laramie,2019,365,305,60,0,0,0,0,74,58,43,0,4,334,0,11,16
Wyoming,56023,Lincoln,2019,365,364,1,0,0,0,0,56,27,12,0,0,0,0,0,365
Wyoming,56025,Natrona,2019,364,327,37,0,0,0,0,84,51,42,0,1,358,2,3,0
Wyoming,56029,Park,2019,307,295,12,0,0,0,0,77,47,38,0,3,268,0,30,6
Wyoming,56031,Platte,2019,60,56,3,1,0,0,0,108,37,14,0,0,0,0,0,60
Wyoming,56033,Sheridan,2019,365,325,40,0,0,0,0,90,51,39,0,0,305,0,32,28
Wyoming,56035,Sublette,2019,365,266,88,8,3,0,0,200,71,46,0,0,363,0,2,0
Wyoming,56037,Sweetwater,2019,365,262,100,3,0,0,0,133,64,46,0,4,321,0,5,35
Wyoming,56039,Teton,2019,365,326,39,0,0,0,0,87,51,43,0,0,359,0,4,2
Wyoming,56041,Uinta,2019,365,315,49,1,0,0,0,101,58,44,0,1,360,0,0,4
Wyoming,56045,Weston,2019,365,340,25,0,0,0,0,71,49,40,0,0,360,5,0,0