,Province,Year,Scope 1 Total,Scope 1+2 Total,POP,GRP,Forest_Coverage_Rate,North,Mean_North_Winter_Temp
0,Shanghai,2000,117.97,119.64,,,,0,-1.31
1,Yunnan,2000,52.97,53.22,,,,0,-1.31
2,InnerMongolia,2000,105.54,87.49,,,,1,-1.31
3,Beijing,2000,68.22,81.84,,,,1,-1.31
4,Jilin,2000,83.03,83.71,,,,1,-1.31
5,Sichuan,2000,105.04,103.82,,,,0,-1.31
6,Tianjin,2000,58.23,59.93,,,,0,-1.31
7,Ningxia,2000,0.81,0.81,,,,1,-1.31
8,Anhui,2000,118.73,116.87,,,,0,-1.31
9,Shandong,2000,194.79,194.78,,,,1,-1.31
10,Shanxi,2000,147.99,138.15,,,,1,-1.31
11,Guangdong,2000,199.64,201.54,,,,0,-1.31
12,Guangxi,2000,56.16,59.5,,,,0,-1.31
13,Xinjiang,2000,65.39,65.39,,,,1,-1.31
14,Jiangsu,2000,199.37,200.03,,,,0,-1.31
15,Jiangxi,2000,53.26,53.96,,,,0,-1.31
16,Hebei,2000,237.3,234.7,,,,1,-1.31
17,Henan,2000,162.09,163.57,,,,0,-1.31
18,Zhejiang,2000,131.44,136.19,,,,0,-1.31
19,Hainan,2000,8.74,8.74,,,,0,-1.31
20,Hubei,2000,136.79,134.56,,,,0,-1.31
21,Hunan,2000,77.32,80.35,,,,0,-1.31
22,Gansu,2000,54.32,57.36,,,,1,-1.31
23,Fujian,2000,56.4,56.31,,,,0,-1.31
24,Guizhou,2000,81.2,79.64,,,,0,-1.31
25,Liaoning,2000,212.96,232.0,,,,1,-1.31
26,Chongqing,2000,71.34,75.37,,,,0,-1.31
27,Shaanxi,2000,58.91,60.15,,,,1,-1.31
28,Qinghai,2000,12.1,11.92,,,,1,-1.31
29,Heilongjiang,2000,125.27,122.23,,,,1,-1.31
30,Shanghai,2001,122.54,129.72,1668.0,5257.7,,0,-0.71
31,Yunnan,2001,61.45,60.86,4287.0,2159.0,,0,-0.71
32,InnerMongolia,2001,115.79,96.05,2381.0,1713.8,,1,-0.71
33,Beijing,2001,77.36,99.18,1385.0,3861.5,,1,-0.71
34,Jilin,2001,89.06,88.71,2691.0,1900.9,,1,-0.71
35,Sichuan,2001,108.81,102.71,8143.0,4293.5,,0,-0.71
36,Tianjin,2001,60.36,62.89,1004.0,1756.9,,0,-0.71
37,Ningxia,2001,0.93,0.93,563.0,337.4,,1,-0.71
38,Anhui,2001,127.0,122.93,6128.0,3502.8,,0,-0.71
39,Shandong,2001,232.68,232.67,9041.0,9076.2,,1,-0.71
40,Shanxi,2001,184.2,171.4,3272.0,2029.5,,1,-0.71
41,Guangdong,2001,210.03,216.27,8733.0,12126.6,,0,-0.71
42,Guangxi,2001,56.14,59.62,4788.0,2279.3,,0,-0.71
43,Xinjiang,2001,53.5,53.5,1876.0,1491.6,,1,-0.71
44,Jiangsu,2001,191.64,196.15,7359.0,9456.8,,0,-0.71
45,Jiangxi,2001,57.98,58.58,4186.0,2175.7,,0,-0.71
46,Hebei,2001,251.49,246.97,6699.0,5062.9,,1,-0.71
47,Henan,2001,181.33,182.59,9555.0,5533.0,,0,-0.71
48,Zhejiang,2001,142.87,149.66,4729.0,6927.7,,0,-0.71
49,Hainan,2001,9.16,9.16,796.0,579.2,,0,-0.71
50,Hubei,2001,135.21,132.74,5658.0,3880.5,,0,-0.71
51,Hunan,2001,85.36,88.58,6596.0,3831.9,,0,-0.71
52,Gansu,2001,56.07,58.02,2523.0,1125.4,,1,-0.71
53,Fujian,2001,56.41,56.19,3445.0,4072.9,,0,-0.71
54,Guizhou,2001,82.87,81.29,3799.0,1133.3,,0,-0.71
55,Liaoning,2001,205.51,220.27,4194.0,5033.1,,1,-0.71
56,Chongqing,2001,65.24,70.65,2829.0,2014.6,,0,-0.71
57,Shaanxi,2001,68.37,69.71,3653.0,2010.6,,1,-0.71
58,Qinghai,2001,14.72,13.95,523.0,300.1,,1,-0.71
59,Heilongjiang,2001,121.06,122.26,3811.0,3043.4,,1,-0.71
60,Shanghai,2002,128.43,132.88,1713.0,5795.0,,0,0.55
61,Yunnan,2002,72.29,70.75,4333.0,2358.7,,0,0.55
62,InnerMongolia,2002,127.07,105.92,2384.0,1940.9,,1,0.55
63,Beijing,2002,77.88,102.91,1423.0,4525.7,,1,0.55
64,Jilin,2002,92.2,91.72,2699.0,2043.1,,1,0.55
65,Sichuan,2002,124.02,121.65,8110.0,4725.0,,0,0.55
66,Tianjin,2002,65.14,65.63,1007.0,1926.9,,0,0.55
67,Ningxia,2002,1.09,1.09,572.0,377.2,,1,0.55
68,Anhui,2002,112.76,112.22,6144.0,3827.7,,0,0.55
69,Shandong,2002,258.78,258.73,9082.0,10076.5,,1,0.55
70,Shanxi,2002,221.39,203.9,3294.0,2324.8,,1,0.55
71,Guangdong,2002,231.46,242.59,8842.0,13601.9,,0,0.55
72,Guangxi,2002,56.51,60.56,4822.0,2523.7,,0,0.55
73,Xinjiang,2002,69.73,69.73,1905.0,1612.6,,1,0.55
74,Jiangsu,2002,220.08,228.83,7406.0,10606.9,,0,0.55
75,Jiangxi,2002,63.26,63.25,4222.0,2450.5,,0,0.55
76,Hebei,2002,284.45,280.6,6735.0,5518.9,,1,0.55
77,Henan,2002,194.32,196.33,9613.0,6035.5,,0,0.55
78,Zhejiang,2002,156.48,169.69,4776.0,8040.7,,0,0.55
79,Hainan,2002,1.01,1.01,803.0,642.7,,0,0.55
80,Hubei,2002,154.22,153.03,5672.0,4212.8,,0,0.55
81,Hunan,2002,92.08,94.51,6629.0,4151.5,,0,0.55
82,Gansu,2002,58.98,59.17,2531.0,1232.0,,1,0.55
83,Fujian,2002,67.3,65.79,3476.0,4467.6,,0,0.55
84,Guizhou,2002,86.32,83.82,3837.0,1243.4,,0,0.55
85,Liaoning,2002,220.69,231.19,4203.0,5458.2,,1,0.55
86,Chongqing,2002,69.96,76.28,2814.0,2279.8,,0,0.55
87,Shaanxi,2002,76.26,77.31,3662.0,2253.4,,1,0.55
88,Qinghai,2002,15.73,15.88,529.0,340.7,,1,0.55
89,Heilongjiang,2002,117.87,118.33,3813.0,3242.7,,1,0.55
90,Shanghai,2003,136.98,144.19,1766.0,6804.0,,0,0.07
91,Yunnan,2003,88.81,85.44,4376.0,2633.4,,0,0.07
92,InnerMongolia,2003,149.33,124.02,2386.0,2388.4,,1,0.07
93,Beijing,2003,81.95,108.69,1456.0,5267.2,,1,0.07
94,Jilin,2003,134.31,136.41,2704.0,2141.0,,1,0.07
95,Sichuan,2003,157.17,154.36,8176.0,5346.2,,0,0.07
96,Tianjin,2003,66.2,65.68,1011.0,2257.8,,0,0.07
97,Ningxia,2003,55.31,57.17,580.0,442.6,,1,0.07
98,Anhui,2003,168.01,155.33,6163.0,4307.8,,0,0.07
99,Shandong,2003,325.0,325.0,9125.0,10903.2,,1,0.07
100,Shanxi,2003,251.75,232.8,3314.0,2854.3,,1,0.07
101,Guangdong,2003,261.71,279.28,8963.0,15979.8,,0,0.07
102,Guangxi,2003,66.73,71.94,4857.0,2798.2,,0,0.07
103,Xinjiang,2003,77.2,77.2,1934.0,1889.2,,1,0.07
104,Jiangsu,2003,250.79,269.17,7458.0,12442.9,,0,0.07
105,Jiangxi,2003,75.94,74.31,4254.0,2812.7,,0,0.07
106,Hebei,2003,328.59,329.69,6769.0,6333.6,,1,0.07
107,Henan,2003,215.67,218.81,9667.0,6942.4,,0,0.07
108,Zhejiang,2003,178.41,194.5,4857.0,9753.4,,0,0.07
109,Hainan,2003,15.58,15.58,811.0,714.0,,0,0.07
110,Hubei,2003,165.21,160.86,5685.0,4757.5,,0,0.07
111,Hunan,2003,104.86,106.71,6663.0,4660.0,,0,0.07
112,Gansu,2003,66.99,68.13,2537.0,1399.9,,1,0.07
113,Fujian,2003,82.78,81.84,3502.0,4999.6,,0,0.07
114,Guizhou,2003,110.07,105.07,3870.0,1429.0,,0,0.07
115,Liaoning,2003,236.75,245.64,4210.0,5906.3,,1,0.07
116,Chongqing,2003,68.39,76.24,2803.0,2615.6,,0,0.07
117,Shaanxi,2003,86.25,84.02,3672.0,2587.7,,1,0.07
118,Qinghai,2003,17.64,19.54,534.0,385.0,,1,0.07
119,Heilongjiang,2003,129.59,129.39,3815.0,3609.7,,1,0.07
120,Shanghai,2004,148.72,150.76,1835.0,8101.6,3.66,0,0.92
121,Yunnan,2004,58.71,58.97,4415.0,3136.4,33.64,0,0.92
122,InnerMongolia,2004,207.34,177.44,2393.0,2942.4,12.73,1,0.92
123,Beijing,2004,88.13,118.16,1493.0,6252.5,18.93,1,0.92
124,Jilin,2004,112.31,110.96,2709.0,2455.2,37.43,1,0.92
125,Sichuan,2004,175.05,171.86,8090.0,6304.0,23.5,0,0.92
126,Tianjin,2004,78.28,79.04,1024.0,2621.1,7.47,0,0.92
127,Ningxia,2004,65.76,63.63,588.0,519.9,2.2,1,0.92
128,Anhui,2004,153.81,146.08,6228.0,5129.1,22.95,0,0.92
129,Shandong,2004,397.75,397.75,9180.0,13308.1,12.58,1,0.92
130,Shanxi,2004,267.88,247.51,3335.0,3496.0,11.72,1,0.92
131,Guangdong,2004,296.95,325.84,9111.0,18658.3,45.81,0,0.92
132,Guangxi,2004,86.57,94.97,4889.0,3305.1,34.37,0,0.92
133,Xinjiang,2004,90.24,90.24,1963.0,2170.4,1.08,1,0.92
134,Jiangsu,2004,311.63,333.88,7523.0,14823.1,4.51,0,0.92
135,Jiangxi,2004,89.24,89.39,4284.0,3398.1,53.37,0,0.92
136,Hebei,2004,374.21,377.72,6809.0,7588.6,18.08,1,0.92
137,Henan,2004,277.55,280.35,9717.0,8411.2,12.52,0,0.92
138,Zhejiang,2004,217.99,234.87,4925.0,11482.1,50.8,0,0.92
139,Hainan,2004,17.15,17.15,818.0,802.7,39.56,0,0.92
140,Hubei,2004,182.23,169.44,5698.0,5546.8,25.98,0,0.92
141,Hunan,2004,125.34,128.16,6698.0,5542.6,38.9,0,0.92
142,Gansu,2004,77.86,79.62,2541.0,1653.6,4.83,1,0.92
143,Fujian,2004,100.2,100.84,3529.0,5712.1,60.52,0,0.92
144,Guizhou,2004,128.61,120.45,3904.0,1649.4,20.81,0,0.92
145,Liaoning,2004,250.24,268.37,4217.0,6469.8,30.95,1,0.92
146,Chongqing,2004,68.27,77.85,2793.0,3059.5,,0,0.92
147,Shaanxi,2004,107.68,105.37,3681.0,3141.6,28.74,1,0.92
148,Qinghai,2004,19.03,18.77,539.0,443.7,0.43,1,0.92
149,Heilongjiang,2004,140.19,135.76,3817.0,4134.7,38.72,1,0.92
150,Shanghai,2005,158.94,177.06,1890.0,9197.1,3.17,0,-0.85
151,Yunnan,2005,133.12,129.4,4450.0,3497.7,40.77,0,-0.85
152,InnerMongolia,2005,240.5,202.62,2403.0,3523.7,17.7,1,-0.85
153,Beijing,2005,92.12,126.92,1538.0,7149.8,21.26,1,-0.85
154,Jilin,2005,143.44,137.68,2716.0,2776.5,38.13,1,-0.85
155,Sichuan,2005,170.08,167.3,8212.0,7195.9,30.27,0,-0.85
156,Tianjin,2005,88.98,90.94,1043.0,3158.6,8.14,0,-0.85
157,Ningxia,2005,51.73,51.59,596.0,579.9,6.08,1,-0.85
158,Anhui,2005,156.67,151.16,6120.0,5675.9,24.03,0,-0.85
159,Shandong,2005,556.52,556.55,9248.0,15947.5,13.44,1,-0.85
160,Shanxi,2005,290.03,258.95,3355.0,4079.4,13.29,1,-0.85
161,Guangdong,2005,341.85,383.59,9194.0,21963.0,46.49,0,-0.85
162,Guangxi,2005,98.87,105.65,4660.0,3742.1,41.41,0,-0.85
163,Xinjiang,2005,101.06,101.06,2010.0,2520.5,2.94,1,-0.85
164,Jiangsu,2005,396.1,407.32,7588.0,18121.3,7.54,0,-0.85
165,Jiangxi,2005,96.35,98.17,4311.0,3941.2,55.86,0,-0.85
166,Hebei,2005,459.13,475.05,6851.0,8773.4,17.69,1,-0.85
167,Henan,2005,336.21,333.61,9380.0,10243.5,16.19,0,-0.85
168,Zhejiang,2005,255.82,274.6,4991.0,13028.3,54.41,0,-0.85
169,Hainan,2005,16.46,16.46,828.0,884.9,48.87,0,-0.85
170,Hubei,2005,189.25,175.95,5710.0,6469.7,26.77,0,-0.85
171,Hunan,2005,178.48,182.96,6326.0,6369.9,40.63,0,-0.85
172,Gansu,2005,84.25,85.77,2545.0,1864.6,6.66,1,-0.85
173,Fujian,2005,123.9,123.13,3557.0,6415.5,62.96,0,-0.85
174,Guizhou,2005,145.6,133.56,3730.0,1939.9,23.83,0,-0.85
175,Liaoning,2005,279.64,299.77,4221.0,7260.8,32.97,1,-0.85
176,Chongqing,2005,81.64,93.34,2798.0,3448.4,22.25,0,-0.85
177,Shaanxi,2005,122.31,117.96,3690.0,3817.2,32.55,1,-0.85
178,Qinghai,2005,19.89,20.8,543.0,499.4,4.4,1,-0.85
179,Heilongjiang,2005,158.05,151.0,3820.0,4756.4,39.54,1,-0.85
180,Shanghai,2006,165.24,191.13,1964.0,10598.9,3.17,0,0.26
181,Yunnan,2006,150.19,143.54,4483.0,4090.7,40.77,0,0.26
182,InnerMongolia,2006,290.67,236.14,2415.0,4161.8,17.7,1,0.26
183,Beijing,2006,96.67,136.52,1601.0,8387.0,21.26,1,0.26
184,Jilin,2006,158.91,154.46,2723.0,3226.5,38.13,1,0.26
185,Sichuan,2006,189.78,187.68,8169.0,8494.7,30.27,0,0.26
186,Tianjin,2006,95.52,103.23,1075.0,3538.2,8.14,0,0.26
187,Ningxia,2006,58.83,58.43,604.0,683.3,6.08,1,0.26
188,Anhui,2006,175.77,169.98,6110.0,6500.3,24.03,0,0.26
189,Shandong,2006,605.51,603.06,9309.0,18967.8,13.44,1,0.26
190,Shanxi,2006,320.11,285.16,3375.0,4713.6,13.29,1,0.26
191,Guangdong,2006,376.16,431.6,9442.0,25961.2,46.49,0,0.26
192,Guangxi,2006,112.85,119.35,4719.0,4417.8,41.41,0,0.26
193,Xinjiang,2006,113.92,113.92,2050.0,2957.3,2.94,1,0.26
194,Jiangsu,2006,440.95,448.96,7656.0,21240.8,7.54,0,0.26
195,Jiangxi,2006,108.82,109.92,4339.0,4696.8,55.86,0,0.26
196,Hebei,2006,486.75,518.01,6898.0,10043.0,17.69,1,0.26
197,Henan,2006,378.97,374.24,9392.0,11977.9,16.19,0,0.26
198,Zhejiang,2006,290.25,305.57,5072.0,15302.7,54.41,0,0.26
199,Hainan,2006,19.19,19.19,836.0,1027.5,48.87,0,0.26
200,Hubei,2006,225.2,213.77,5693.0,7531.8,26.77,0,0.26
201,Hunan,2006,203.15,206.4,6342.0,7431.6,40.63,0,0.26
202,Gansu,2006,89.4,89.84,2547.0,2203.0,6.66,1,0.26
203,Fujian,2006,135.42,133.75,3585.0,7468.6,62.96,0,0.26
204,Guizhou,2006,169.64,144.83,3690.0,2264.1,23.83,0,0.26
205,Liaoning,2006,317.9,339.81,4271.0,8390.3,32.97,1,0.26
206,Chongqing,2006,90.03,101.9,2808.0,3900.3,22.25,0,0.26
207,Shaanxi,2006,128.68,131.48,3699.0,4595.6,32.55,1,0.26
208,Qinghai,2006,24.36,24.49,548.0,585.2,4.4,1,0.26
209,Heilongjiang,2006,179.03,171.08,3823.0,5329.8,39.54,1,0.26
210,Shanghai,2007,174.77,207.37,2064.0,12878.7,3.17,0,0.87
211,Yunnan,2007,161.23,151.7,4514.0,5077.4,40.77,0,0.87
212,InnerMongolia,2007,340.0,272.73,2429.0,5166.9,17.7,1,0.87
213,Beijing,2007,102.89,146.62,1676.0,10425.5,21.26,1,0.87
214,Jilin,2007,170.5,166.7,2730.0,4080.3,38.13,1,0.87
215,Sichuan,2007,208.48,208.1,8127.0,10562.1,30.27,0,0.87
216,Tianjin,2007,103.45,113.95,1115.0,4158.4,8.14,0,0.87
217,Ningxia,2007,66.5,65.64,610.0,877.6,6.08,1,0.87
218,Anhui,2007,197.65,189.8,6118.0,7941.6,24.03,0,0.87
219,Shandong,2007,662.96,662.96,9367.0,22718.1,13.44,1,0.87
220,Shanxi,2007,344.94,313.38,3393.0,5935.6,13.29,1,0.87
221,Guangdong,2007,410.14,482.15,9660.0,31742.6,46.49,0,0.87
222,Guangxi,2007,128.22,131.27,4768.0,5474.8,41.41,0,0.87
223,Xinjiang,2007,125.28,125.28,2095.0,3500.0,2.94,1,0.87
224,Jiangsu,2007,468.71,485.94,7723.0,25988.4,7.54,0,0.87
225,Jiangxi,2007,127.21,128.94,4368.0,5777.6,55.86,0,0.87
226,Hebei,2007,529.03,562.3,6943.0,12152.9,17.69,1,0.87
227,Henan,2007,426.24,422.85,9360.0,14824.5,16.19,0,0.87
228,Zhejiang,2007,325.33,338.08,5155.0,18640.0,54.41,0,0.87
229,Hainan,2007,21.67,21.67,845.0,1234.0,48.87,0,0.87
230,Hubei,2007,249.79,235.47,5699.0,9451.4,26.77,0,0.87
231,Hunan,2007,223.3,231.16,6355.0,9285.5,40.63,0,0.87
232,Gansu,2007,97.79,97.57,2548.0,2675.1,6.66,1,0.87
233,Fujian,2007,161.34,159.4,3612.0,9325.6,62.96,0,0.87
234,Guizhou,2007,171.98,146.52,3632.0,2847.5,23.83,0,0.87
235,Liaoning,2007,362.24,386.48,4298.0,10292.2,32.97,1,0.87
236,Chongqing,2007,99.17,109.34,2816.0,4770.7,22.25,0,0.87
237,Shaanxi,2007,148.12,144.28,3708.0,5681.8,32.55,1,0.87
238,Qinghai,2007,25.97,26.81,552.0,720.1,4.4,1,0.87
239,Heilongjiang,2007,187.37,178.39,3824.0,6126.3,39.54,1,0.87
240,Shanghai,2008,178.15,212.61,2141.0,14536.9,3.17,0,0.22
241,Yunnan,2008,163.77,153.77,4543.0,6016.6,40.77,0,0.22
242,InnerMongolia,2008,411.43,322.51,2444.0,6242.4,17.7,1,0.22
243,Beijing,2008,99.21,144.21,1771.0,11813.1,21.26,1,0.22
244,Jilin,2008,179.36,176.2,2734.0,4834.7,38.13,1,0.22
245,Sichuan,2008,230.14,230.89,8138.0,12756.2,30.27,0,0.22
246,Tianjin,2008,110.23,123.16,1176.0,5182.4,8.14,0,0.22
247,Ningxia,2008,75.39,73.53,618.0,1139.2,6.08,1,0.22
248,Anhui,2008,225.02,206.47,6135.0,9517.7,24.03,0,0.22
249,Shandong,2008,697.73,700.47,9417.0,27106.2,13.44,1,0.22
250,Shanxi,2008,370.91,331.86,3411.0,7223.0,13.29,1,0.22
251,Guangdong,2008,416.92,501.82,9893.0,36704.2,46.49,0,0.22
252,Guangxi,2008,132.98,134.64,4816.0,6455.4,41.41,0,0.22
253,Xinjiang,2008,137.19,137.19,2131.0,4142.5,2.94,1,0.22
254,Jiangsu,2008,496.58,524.59,7762.0,30945.5,7.54,0,0.22
255,Jiangxi,2008,130.29,135.53,4400.0,6934.2,55.86,0,0.22
256,Hebei,2008,554.43,599.78,6989.0,14200.1,17.69,1,0.22
257,Henan,2008,435.56,436.3,9429.0,17735.9,16.19,0,0.22
258,Zhejiang,2008,330.16,350.14,5212.0,21284.6,54.41,0,0.22
259,Hainan,2008,24.85,24.85,854.0,1474.7,48.87,0,0.22
260,Hubei,2008,253.98,240.07,5711.0,11497.5,26.77,0,0.22
261,Hunan,2008,226.52,254.69,6380.0,11307.4,40.63,0,0.22
262,Gansu,2008,103.35,105.14,2551.0,3071.7,6.66,1,0.22
263,Fujian,2008,165.75,165.59,3639.0,10931.8,62.96,0,0.22
264,Guizhou,2008,163.4,133.23,3596.0,3504.5,23.83,0,0.22
265,Liaoning,2008,371.41,398.52,4315.0,12137.7,32.97,1,0.22
266,Chongqing,2008,126.25,136.44,2839.0,5899.5,22.25,0,0.22
267,Shaanxi,2008,165.36,158.69,3718.0,7177.8,32.55,1,0.22
268,Qinghai,2008,31.57,32.83,554.0,896.9,4.4,1,0.22
269,Heilongjiang,2008,197.34,187.64,3825.0,7134.2,39.54,1,0.22
270,Shanghai,2009,179.06,215.67,2210.0,15742.4,3.17,0,-0.93
271,Yunnan,2009,187.17,172.56,4571.0,6574.4,40.77,0,-0.93
272,InnerMongolia,2009,445.31,351.94,2458.0,7104.2,17.7,1,-0.93
273,Beijing,2009,100.39,150.35,1860.0,12900.9,21.26,1,-0.93
274,Jilin,2009,185.73,182.35,2740.0,5434.8,38.13,1,-0.93
275,Sichuan,2009,263.11,259.48,8185.0,14190.6,30.27,0,-0.93
276,Tianjin,2009,122.35,137.64,1228.0,5709.6,8.14,0,-0.93
277,Ningxia,2009,80.0,79.48,625.0,1266.7,6.08,1,-0.93
278,Anhui,2009,251.51,223.3,6131.0,10864.7,24.03,0,-0.93
279,Shandong,2009,717.86,717.86,9470.0,29540.8,13.44,1,-0.93
280,Shanxi,2009,375.42,328.39,3427.0,7147.6,13.29,1,-0.93
281,Guangdong,2009,437.57,534.19,10130.0,39464.7,46.49,0,-0.93
282,Guangxi,2009,151.78,154.03,4856.0,7112.9,41.41,0,-0.93
283,Xinjiang,2009,156.68,156.68,2159.0,4237.0,2.94,1,-0.93
284,Jiangsu,2009,515.62,553.66,7810.0,34471.7,7.54,0,-0.93
285,Jiangxi,2009,142.18,150.45,4432.0,7630.0,55.86,0,-0.93
286,Hebei,2009,577.79,635.27,7034.0,15306.9,17.69,1,-0.93
287,Henan,2009,450.73,453.15,9487.0,19181.0,16.19,0,-0.93
288,Zhejiang,2009,338.47,361.9,5276.0,22833.7,54.41,0,-0.93
289,Hainan,2009,27.0,27.0,864.0,1620.3,48.87,0,-0.93
290,Hubei,2009,275.18,274.15,5720.0,13192.1,26.77,0,-0.93
291,Hunan,2009,239.05,264.81,6406.0,12772.8,40.63,0,-0.93
292,Gansu,2009,100.81,101.03,2555.0,3268.3,6.66,1,-0.93
293,Fujian,2009,187.82,186.09,3666.0,12418.1,62.96,0,-0.93
294,Guizhou,2009,184.7,146.45,3537.0,3856.7,23.83,0,-0.93
295,Liaoning,2009,406.89,436.37,4341.0,12815.7,32.97,1,-0.93
296,Chongqing,2009,133.08,146.08,2859.0,6651.2,22.25,0,-0.93
297,Shaanxi,2009,185.95,187.45,3727.0,7997.8,32.55,1,-0.93
298,Qinghai,2009,33.46,33.62,557.0,939.7,4.4,1,-0.93
299,Heilongjiang,2009,203.17,200.55,3826.0,7218.9,39.54,1,-0.93
300,Shanghai,2010,195.5,231.09,2303.0,17915.4,9.41,0,-1.36
301,Yunnan,2010,198.13,181.84,4602.0,7735.3,47.5,0,-1.36
302,InnerMongolia,2010,490.62,387.57,2472.0,8199.9,20.0,1,-1.36
303,Beijing,2010,105.04,159.52,1962.0,14964.0,31.72,1,-1.36
304,Jilin,2010,202.65,196.16,2747.0,6410.5,38.93,1,-1.36
305,Sichuan,2010,304.46,303.22,8045.0,17224.8,34.31,0,-1.36
306,Tianjin,2010,139.15,149.79,1299.0,6830.8,8.24,0,-1.36
307,Ningxia,2010,97.92,93.36,633.0,1571.7,9.84,1,-1.36
308,Anhui,2010,271.44,241.57,5957.0,13249.8,26.06,0,-1.36
309,Shandong,2010,795.49,815.73,9588.0,33922.5,16.72,1,-1.36
310,Shanxi,2010,443.01,378.78,3574.0,8903.9,14.12,1,-1.36
311,Guangdong,2010,476.84,560.35,10441.0,45944.6,49.44,0,-1.36
312,Guangxi,2010,174.61,175.54,4610.0,8552.4,52.71,0,-1.36
313,Xinjiang,2010,169.46,169.25,2185.0,5360.2,4.02,1,-1.36
314,Jiangsu,2010,589.82,630.66,7869.0,41383.9,10.48,0,-1.36
315,Jiangxi,2010,151.89,158.03,4462.0,9383.2,58.32,0,-1.36
316,Hebei,2010,681.79,746.94,7194.0,18003.6,22.29,1,-1.36
317,Henan,2010,513.61,529.0,9405.0,22655.0,20.16,0,-1.36
318,Zhejiang,2010,361.12,386.85,5447.0,27399.9,57.41,0,-1.36
319,Hainan,2010,28.93,28.8,869.0,2020.5,51.98,0,-1.36
320,Hubei,2010,337.66,333.92,5728.0,16226.9,31.14,0,-1.36
321,Hunan,2010,262.15,281.18,6570.0,15574.3,44.76,0,-1.36
322,Gansu,2010,127.59,129.09,2560.0,3943.7,10.42,1,-1.36
323,Fujian,2010,201.08,199.2,3693.0,15002.5,63.1,0,-1.36
324,Guizhou,2010,192.42,159.05,3479.0,4519.0,31.61,0,-1.36
325,Liaoning,2010,458.76,496.07,4375.0,13896.3,35.13,1,-1.36
326,Chongqing,2010,145.42,161.51,2885.0,8065.3,34.85,0,-1.36
327,Shaanxi,2010,225.26,220.81,3735.0,9845.2,37.26,1,-1.36
328,Qinghai,2010,32.01,35.83,563.0,1144.2,4.57,1,-1.36
329,Heilongjiang,2010,224.86,223.17,3833.0,8308.3,42.39,1,-1.36
330,Shanghai,2011,201.49,233.99,2356.0,20009.7,9.41,0,-0.66
331,Yunnan,2011,209.16,194.49,4620.0,9523.1,47.5,0,-0.66
332,InnerMongolia,2011,616.55,476.12,2470.0,9458.1,20.0,1,-0.66
333,Beijing,2011,95.31,155.81,2024.0,17188.8,31.72,1,-0.66
334,Jilin,2011,234.43,228.55,2725.0,7734.6,38.93,1,-0.66
335,Sichuan,2011,308.65,312.9,8064.0,21050.9,34.31,0,-0.66
336,Tianjin,2011,154.29,164.16,1341.0,8112.5,8.24,0,-0.66
337,Ningxia,2011,139.84,115.8,648.0,1931.8,9.84,1,-0.66
338,Anhui,2011,294.09,262.92,5972.0,16284.9,26.06,0,-0.66
339,Shandong,2011,830.77,875.84,9665.0,39064.9,16.72,1,-0.66
340,Shanxi,2011,474.82,410.52,3562.0,10894.4,14.12,1,-0.66
341,Guangdong,2011,526.26,594.09,10756.0,53072.8,49.44,0,-0.66
342,Guangxi,2011,195.17,204.58,4655.0,10299.9,52.71,0,-0.66
343,Xinjiang,2011,206.39,203.88,2225.0,6532.0,4.02,1,-0.66
344,Jiangsu,2011,636.94,675.52,8023.0,48839.2,10.48,0,-0.66
345,Jiangxi,2011,165.33,174.39,4474.0,11584.5,58.32,0,-0.66
346,Hebei,2011,760.7,832.8,7232.0,21384.7,22.29,1,-0.66
347,Henan,2011,556.08,570.1,9461.0,26318.7,20.16,0,-0.66
348,Zhejiang,2011,382.71,415.26,5570.0,31854.8,57.41,0,-0.66
349,Hainan,2011,34.92,34.91,890.0,2463.8,51.98,0,-0.66
350,Hubei,2011,384.3,364.17,5760.0,19942.5,31.14,0,-0.66
351,Hunan,2011,291.88,314.57,6581.0,18915.0,44.76,0,-0.66
352,Gansu,2011,140.32,134.25,2552.0,4816.9,10.42,1,-0.66
353,Fujian,2011,238.14,235.75,3784.0,17917.7,63.1,0,-0.66
354,Guizhou,2011,212.56,184.42,3530.0,5615.6,31.61,0,-0.66
355,Liaoning,2011,471.24,514.62,4379.0,16354.9,35.13,1,-0.66
356,Chongqing,2011,166.61,185.61,2944.0,10161.2,34.85,0,-0.66
357,Shaanxi,2011,247.48,227.52,3765.0,12175.1,37.26,1,-0.66
358,Qinghai,2011,36.85,46.81,568.0,1370.4,4.57,1,-0.66
359,Heilongjiang,2011,254.79,251.82,3782.0,9935.0,42.39,1,-0.66
360,Shanghai,2012,195.93,248.41,2399.0,21305.6,9.41,0,-1.86
361,Yunnan,2012,215.82,231.21,4631.0,11097.4,47.5,0,-1.86
362,InnerMongolia,2012,635.17,779.39,2464.0,10470.1,20.0,1,-1.86
363,Beijing,2012,98.0,160.58,2078.0,19024.7,31.72,1,-1.86
364,Jilin,2012,229.94,275.2,2698.0,8678.0,38.93,1,-1.86
365,Sichuan,2012,338.29,352.8,8085.0,23922.4,34.31,0,-1.86
366,Tianjin,2012,160.33,174.62,1378.0,9043.0,8.24,0,-1.86
367,Ningxia,2012,136.59,172.7,659.0,2131.0,9.84,1,-1.86
368,Anhui,2012,324.0,359.31,5978.0,18341.7,26.06,0,-1.86
369,Shandong,2012,872.91,920.54,9708.0,42957.3,16.72,1,-1.86
370,Shanxi,2012,501.49,575.78,3548.0,11683.1,14.12,1,-1.86
371,Guangdong,2012,513.44,609.22,11041.0,57007.7,49.44,0,-1.86
372,Guangxi,2012,208.2,222.75,4694.0,11303.6,52.71,0,-1.86
373,Xinjiang,2012,256.08,258.83,2253.0,7411.8,4.02,1,-1.86
374,Jiangsu,2012,656.74,723.46,8120.0,53701.9,10.48,0,-1.86
375,Jiangxi,2012,166.16,176.69,4475.0,12807.7,58.32,0,-1.86
376,Hebei,2012,751.78,820.68,7262.0,23077.5,22.29,1,-1.86
377,Henan,2012,529.25,558.56,9532.0,28961.9,20.16,0,-1.86
378,Zhejiang,2012,380.76,419.17,5685.0,34382.4,57.41,0,-1.86
379,Hainan,2012,37.26,37.35,910.0,2789.4,51.98,0,-1.86
380,Hubei,2012,376.94,434.89,5781.0,22590.9,31.14,0,-1.86
381,Hunan,2012,291.22,334.41,6590.0,21207.2,44.76,0,-1.86
382,Gansu,2012,154.25,185.72,2550.0,5393.1,10.42,1,-1.86
383,Fujian,2012,233.9,237.94,3841.0,20190.7,63.1,0,-1.86
384,Guizhou,2012,232.28,262.89,3587.0,6742.2,31.61,0,-1.86
385,Liaoning,2012,481.32,541.63,4375.0,17848.6,35.13,1,-1.86
386,Chongqing,2012,171.65,197.56,2975.0,11595.4,34.85,0,-1.86
387,Shaanxi,2012,268.68,288.65,3787.0,14142.4,37.26,1,-1.86
388,Qinghai,2012,44.91,55.38,571.0,1528.5,4.57,1,-1.86
389,Heilongjiang,2012,279.46,298.15,3724.0,11015.8,42.39,1,-1.86
390,Shanghai,2013,207.63,254.15,2448.0,23204.1,9.41,0,-1.0
391,Yunnan,2013,211.51,191.42,4641.0,12825.5,47.5,0,-1.0
392,InnerMongolia,2013,590.56,463.73,2455.0,11392.4,20.0,1,-1.0
393,Beijing,2013,94.07,150.99,2125.0,21134.6,31.72,1,-1.0
394,Jilin,2013,223.48,216.1,2668.0,9427.9,38.93,1,-1.0
395,Sichuan,2013,351.77,338.74,8109.0,26518.0,34.31,0,-1.0
396,Tianjin,2013,159.65,176.2,1410.0,9945.4,8.24,0,-1.0
397,Ningxia,2013,144.11,120.19,666.0,2327.7,9.84,1,-1.0
398,Anhui,2013,356.73,322.53,5988.0,20584.0,26.06,0,-1.0
399,Shandong,2013,794.21,841.54,9746.0,47344.3,16.72,1,-1.0
400,Shanxi,2013,508.76,440.34,3535.0,11987.2,14.12,1,-1.0
401,Guangdong,2013,506.56,614.0,11270.0,62503.4,49.44,0,-1.0
402,Guangxi,2013,213.71,220.16,4731.0,12448.4,52.71,0,-1.0
403,Xinjiang,2013,296.46,292.04,2285.0,8392.6,4.02,1,-1.0
404,Jiangsu,2013,706.62,765.19,8192.0,59349.4,10.48,0,-1.0
405,Jiangxi,2013,202.41,209.39,4476.0,14300.2,58.32,0,-1.0
406,Hebei,2013,823.11,895.61,7288.0,24259.6,22.29,1,-1.0
407,Henan,2013,492.9,515.83,9573.0,31632.5,20.16,0,-1.0
408,Zhejiang,2013,382.43,434.76,5784.0,37334.6,57.41,0,-1.0
409,Hainan,2013,39.47,39.47,920.0,3115.9,51.98,0,-1.0
410,Hubei,2013,319.46,326.05,5798.0,25378.0,31.14,0,-1.0
411,Hunan,2013,281.2,301.14,6600.0,23545.2,44.76,0,-1.0
412,Gansu,2013,160.9,162.91,2537.0,6014.5,10.42,1,-1.0
413,Fujian,2013,236.15,235.22,3885.0,22503.8,63.1,0,-1.0
414,Guizhou,2013,235.47,204.94,3632.0,7973.1,31.61,0,-1.0
415,Liaoning,2013,502.56,547.41,4365.0,19208.8,35.13,1,-1.0
416,Chongqing,2013,149.12,171.67,3011.0,13027.6,34.85,0,-1.0
417,Shaanxi,2013,273.35,248.25,3804.0,15905.4,37.26,1,-1.0
418,Qinghai,2013,48.15,59.78,571.0,1713.3,4.57,1,-1.0
419,Heilongjiang,2013,266.45,263.14,3666.0,11849.1,42.39,1,-1.0
420,Shanghai,2014,194.22,264.11,2467.0,25269.8,10.74,0,0.35
421,Yunnan,2014,199.73,217.13,4653.0,14041.7,50.03,0,0.35
422,InnerMongolia,2014,600.61,733.04,2449.0,12158.2,21.03,1,0.35
423,Beijing,2014,93.26,151.06,2171.0,22926.0,35.84,1,0.35
424,Jilin,2014,223.31,261.03,2642.0,9966.5,40.38,1,0.35
425,Sichuan,2014,351.48,374.77,8139.0,28891.3,35.22,0,0.35
426,Tianjin,2014,158.11,177.52,1429.0,10640.6,9.87,0,0.35
427,Ningxia,2014,144.57,174.98,678.0,2473.9,11.89,1,0.35
428,Anhui,2014,363.27,397.94,5997.0,22519.7,27.53,0,0.35
429,Shandong,2014,819.06,866.4,9808.0,50774.8,16.73,1,0.35
430,Shanxi,2014,498.32,570.33,3528.0,12094.7,18.03,1,0.35
431,Guangdong,2014,513.87,697.24,11489.0,68173.0,51.26,0,0.35
432,Guangxi,2014,212.2,225.58,4770.0,13587.8,56.51,0,0.35
433,Xinjiang,2014,332.08,343.91,2325.0,9264.5,4.24,1,0.35
434,Jiangsu,2014,708.24,795.32,8281.0,64830.5,15.8,0,0.35
435,Jiangxi,2014,207.66,221.81,4480.0,15667.8,60.01,0,0.35
436,Hebei,2014,791.43,872.81,7323.0,25208.9,23.41,1,0.35
437,Henan,2014,544.98,596.57,9645.0,34574.8,21.5,0,0.35
438,Zhejiang,2014,378.78,448.63,5890.0,40023.5,59.07,0,0.35
439,Hainan,2014,40.74,41.34,936.0,3449.0,55.38,0,0.35
440,Hubei,2014,320.15,385.06,5816.0,28242.1,38.4,0,0.35
441,Hunan,2014,278.68,308.22,6611.0,25881.3,47.77,0,0.35
442,Gansu,2014,164.62,190.09,2531.0,6518.4,11.28,1,0.35
443,Fujian,2014,249.35,250.32,3945.0,24942.1,65.95,0,0.35
444,Guizhou,2014,233.31,259.95,3677.0,9173.1,37.09,0,0.35
445,Liaoning,2014,506.39,585.95,4358.0,20025.7,38.24,1,0.35
446,Chongqing,2014,162.9,187.14,3043.0,14623.8,38.43,0,0.35
447,Shaanxi,2014,285.34,311.81,3827.0,17402.5,41.42,1,0.35
448,Qinghai,2014,48.75,63.36,576.0,1847.7,5.63,1,0.35
449,Heilongjiang,2014,277.89,298.72,3608.0,12170.8,43.16,1,0.35
450,Shanghai,2015,195.32,254.19,2458.0,26887.0,10.74,0,0.42
451,Yunnan,2015,179.82,168.43,4663.0,14960.0,50.03,0,0.42
452,InnerMongolia,2015,601.55,482.35,2440.0,12949.0,21.03,1,0.42
453,Beijing,2015,92.76,145.98,2188.0,24779.1,35.84,1,0.42
454,Jilin,2015,208.31,205.57,2613.0,10018.0,40.38,1,0.42
455,Sichuan,2015,332.38,321.51,8196.0,30342.0,35.22,0,0.42
456,Tianjin,2015,154.35,174.67,1439.0,10879.5,9.87,0,0.42
457,Ningxia,2015,141.82,122.23,684.0,2579.4,11.89,1,0.42
458,Anhui,2015,363.91,333.93,6011.0,23831.2,27.53,0,0.42
459,Shandong,2015,854.46,902.96,9866.0,55288.8,16.73,1,0.42
460,Shanxi,2015,461.61,405.74,3519.0,11836.4,18.03,1,0.42
461,Guangdong,2015,515.08,647.06,11678.0,74732.4,51.26,0,0.42
462,Guangxi,2015,203.06,212.77,4811.0,14797.8,56.51,0,0.42
463,Xinjiang,2015,345.73,326.88,2385.0,9306.9,4.24,1,0.42
464,Jiangsu,2015,721.65,792.53,8315.0,71255.9,15.8,0,0.42
465,Jiangxi,2015,216.14,217.11,4485.0,16780.9,60.01,0,0.42
466,Hebei,2015,788.41,854.82,7345.0,26398.4,23.41,1,0.42
467,Henan,2015,527.43,581.57,9701.0,37084.1,21.5,0,0.42
468,Zhejiang,2015,378.84,436.18,5985.0,43507.7,59.07,0,0.42
469,Hainan,2015,42.28,43.32,945.0,3734.2,55.38,0,0.42
470,Hubei,2015,318.0,326.61,5850.0,30344.0,38.4,0,0.42
471,Hunan,2015,292.53,317.72,6615.0,28538.6,47.77,0,0.42
472,Gansu,2015,160.08,160.38,2523.0,6556.6,11.28,1,0.42
473,Fujian,2015,234.24,233.03,3984.0,26819.5,65.95,0,0.42
474,Guizhou,2015,234.98,203.56,3708.0,10541.0,37.09,0,0.42
475,Liaoning,2015,493.94,533.41,4338.0,20210.3,38.24,1,0.42
476,Chongqing,2015,164.2,187.98,3070.0,16040.5,38.43,0,0.42
477,Shaanxi,2015,284.03,257.89,3846.0,17898.8,41.42,1,0.42
478,Qinghai,2015,51.36,61.64,577.0,2011.0,5.63,1,0.42
479,Heilongjiang,2015,273.28,267.65,3529.0,11690.0,43.16,1,0.42
480,Shanghai,2016,194.71,268.26,2467.0,29887.0,10.74,0,2.7
481,Yunnan,2016,183.88,195.32,4677.0,16369.0,50.03,0,2.7
482,InnerMongolia,2016,606.11,723.38,2436.0,13789.3,21.03,1,2.7
483,Beijing,2016,89.98,148.95,2195.0,27041.2,35.84,1,2.7
484,Jilin,2016,201.39,229.44,2567.0,10427.0,40.38,1,2.7
485,Sichuan,2016,319.1,335.88,8251.0,33138.5,35.22,0,2.7
486,Tianjin,2016,148.95,170.25,1443.0,11477.2,9.87,0,2.7
487,Ningxia,2016,139.49,172.17,695.0,2781.4,11.89,1,2.7
488,Anhui,2016,376.15,414.88,6033.0,26307.7,27.53,0,2.7
489,Shandong,2016,863.43,935.01,9973.0,58762.5,16.73,1,2.7
490,Shanxi,2016,474.56,545.8,3514.0,11946.4,18.03,1,2.7
491,Guangdong,2016,530.32,684.21,11908.0,82163.2,51.26,0,2.7
492,Guangxi,2016,216.8,229.68,4857.0,16116.6,56.51,0,2.7
493,Xinjiang,2016,373.61,397.68,2428.0,9630.8,4.24,1,2.7
494,Jiangsu,2016,743.04,836.9,8381.0,77350.9,15.8,0,2.7
495,Jiangxi,2016,219.1,228.57,4496.0,18388.6,60.01,0,2.7
496,Hebei,2016,807.56,869.34,7375.0,28474.1,23.41,1,2.7
497,Henan,2016,521.47,578.83,9778.0,40249.3,21.5,0,2.7
498,Zhejiang,2016,374.57,456.07,6072.0,47254.0,59.07,0,2.7
499,Hainan,2016,39.85,39.95,957.0,4090.2,55.38,0,2.7
500,Hubei,2016,319.76,373.42,5885.0,33353.0,38.4,0,2.7
501,Hunan,2016,308.09,332.6,6625.0,30853.5,47.77,0,2.7
502,Gansu,2016,153.94,177.13,2520.0,6907.9,11.28,1,2.7
503,Fujian,2016,217.93,219.96,4016.0,29609.4,65.95,0,2.7
504,Guizhou,2016,250.97,284.35,3758.0,11792.4,37.09,0,2.7
505,Liaoning,2016,480.47,559.47,4327.0,20392.5,38.24,1,2.7
506,Chongqing,2016,156.58,182.4,3110.0,18023.0,38.43,0,2.7
507,Shaanxi,2016,272.29,307.7,3874.0,19045.8,41.42,1,2.7
508,Qinghai,2016,56.67,68.92,582.0,2258.2,5.63,1,2.7
509,Heilongjiang,2016,277.68,296.05,3463.0,11895.0,43.16,1,2.7
510,Shanghai,2017,196.15,264.21,2466.0,32925.0,10.74,0,1.42
511,Yunnan,2017,199.01,187.71,4693.0,18486.0,50.03,0,1.42
512,InnerMongolia,2017,656.85,524.04,2433.0,14898.1,21.03,1,1.42
513,Beijing,2017,85.56,152.19,2194.0,29883.0,35.84,1,1.42
514,Jilin,2017,204.34,198.48,2526.0,10922.0,40.38,1,1.42
515,Sichuan,2017,318.84,312.69,8289.0,37905.1,35.22,0,1.42
516,Tianjin,2017,143.99,166.63,1410.0,12450.6,9.87,0,1.42
517,Ningxia,2017,178.62,151.05,705.0,3200.3,11.89,1,1.42
518,Anhui,2017,382.22,346.45,6057.0,29676.2,27.53,0,1.42
519,Shandong,2017,835.82,891.44,10033.0,63012.1,16.73,1,1.42
520,Shanxi,2017,508.59,449.38,3510.0,14484.3,18.03,1,1.42
521,Guangdong,2017,556.86,771.94,12141.0,91648.7,51.26,0,1.42
522,Guangxi,2017,227.89,238.42,4907.0,17790.7,56.51,0,1.42
523,Xinjiang,2017,407.76,379.8,2480.0,11159.9,4.24,1,1.42
524,Jiangsu,2017,757.88,849.28,8423.0,85869.8,15.8,0,1.42
525,Jiangxi,2017,228.98,242.25,4511.0,20210.8,60.01,0,1.42
526,Hebei,2017,792.33,877.66,7409.0,30640.8,23.41,1,1.42
527,Henan,2017,501.86,554.69,9829.0,44824.9,21.5,0,1.42
528,Zhejiang,2017,384.56,478.21,6170.0,52403.1,59.07,0,1.42
529,Hainan,2017,42.16,42.14,972.0,4497.5,55.38,0,1.42
530,Hubei,2017,331.61,337.53,5904.0,37235.0,38.4,0,1.42
531,Hunan,2017,323.66,342.23,6633.0,33828.1,47.77,0,1.42
532,Gansu,2017,151.96,155.18,2522.0,7336.7,11.28,1,1.42
533,Fujian,2017,234.97,232.38,4065.0,33842.4,65.95,0,1.42
534,Guizhou,2017,257.66,226.22,3803.0,13605.4,37.09,0,1.42
535,Liaoning,2017,496.83,538.01,4312.0,21693.0,38.24,1,1.42
536,Chongqing,2017,160.55,187.75,3144.0,20066.3,38.43,0,1.42
537,Shaanxi,2017,274.03,265.3,3904.0,21473.5,41.42,1,1.42
538,Qinghai,2017,53.49,63.62,586.0,2465.1,5.63,1,1.42
539,Heilongjiang,2017,276.91,276.39,3399.0,12313.0,43.16,1,1.42
540,Shanghai,2018,190.64,264.32,2475.0,36011.8,10.74,0,1.65
541,Yunnan,2018,212.24,197.74,4703.0,20880.6,50.03,0,1.65
542,InnerMongolia,2018,723.57,589.44,2422.0,16140.8,21.03,1,1.65
543,Beijing,2018,88.41,157.02,2192.0,33106.0,35.84,1,1.65
544,Jilin,2018,196.25,190.74,2484.0,11253.8,40.38,1,1.65
545,Sichuan,2018,296.31,294.91,8321.0,42902.1,35.22,0,1.65
546,Tianjin,2018,154.34,175.4,1383.0,13362.9,9.87,0,1.65
547,Ningxia,2018,191.59,158.89,710.0,3510.2,11.89,1,1.65
548,Anhui,2018,398.98,361.05,6076.0,34010.9,27.53,0,1.65
549,Shandong,2018,901.65,970.15,10077.0,66648.9,16.73,1,1.65
550,Shanxi,2018,541.8,473.78,3502.0,15958.1,18.03,1,1.65
551,Guangdong,2018,567.51,730.17,12348.0,99945.2,51.26,0,1.65
552,Guangxi,2018,231.83,244.09,4947.0,19627.8,56.51,0,1.65
553,Xinjiang,2018,421.42,390.6,2520.0,12809.4,4.24,1,1.65
554,Jiangsu,2018,764.05,869.4,8446.0,93207.6,15.8,0,1.65
555,Jiangxi,2018,236.63,251.29,4513.0,22716.5,60.01,0,1.65
556,Hebei,2018,912.2,988.77,7426.0,32494.6,23.41,1,1.65
557,Henan,2018,490.68,550.22,9864.0,49935.9,21.5,0,1.65
558,Zhejiang,2018,388.83,501.24,6273.0,58002.8,59.07,0,1.65
559,Hainan,2018,42.19,42.36,982.0,4910.7,55.38,0,1.65
560,Hubei,2018,329.08,322.65,5917.0,42022.0,38.4,0,1.65
561,Hunan,2018,305.97,329.85,6635.0,36329.7,47.77,0,1.65
562,Gansu,2018,162.99,167.11,2515.0,8104.1,11.28,1,1.65
563,Fujian,2018,261.46,255.41,4104.0,38687.8,65.95,0,1.65
564,Guizhou,2018,252.99,222.32,3822.0,15353.2,37.09,0,1.65
565,Liaoning,2018,521.0,566.55,4291.0,23510.5,38.24,1,1.65
566,Chongqing,2018,160.6,194.3,3163.0,21588.8,38.43,0,1.65
567,Shaanxi,2018,276.17,275.54,3931.0,23941.9,41.42,1,1.65
568,Qinghai,2018,51.94,58.9,587.0,2748.0,5.63,1,1.65
569,Heilongjiang,2018,248.28,214.28,3327.0,12846.5,43.16,1,1.65
570,Shanghai,2019,192.91,268.62,2481.0,37987.6,14.04,0,3.71
571,Yunnan,2019,185.96,171.28,4714.0,23223.8,55.04,0,3.71
572,InnerMongolia,2019,794.28,643.12,2415.0,17212.5,22.1,1,3.71
573,Beijing,2019,88.16,157.73,2190.0,35445.1,43.77,1,3.71
574,Jilin,2019,203.66,196.51,2448.0,11726.8,41.49,1,3.71
575,Sichuan,2019,315.16,312.51,8351.0,46363.8,38.03,0,3.71
576,Tianjin,2019,158.47,180.85,1385.0,14055.5,12.07,0,3.71
577,Ningxia,2019,212.41,175.26,717.0,3748.5,12.63,1,3.71
578,Anhui,2019,408.06,375.55,6092.0,36845.5,28.65,0,3.71
579,Shandong,2019,937.12,1028.41,10106.0,70540.5,17.51,1,3.71
580,Shanxi,2019,566.48,498.25,3497.0,16961.6,20.5,1,3.71
581,Guangdong,2019,585.81,755.65,12489.0,107986.9,53.52,0,3.71
582,Guangxi,2019,246.72,258.66,4982.0,21237.1,60.17,0,3.71
583,Xinjiang,2019,455.27,413.94,2559.0,13597.1,4.87,1,3.71
584,Jiangsu,2019,804.59,918.0,8469.0,98656.8,15.2,0,3.71
585,Jiangxi,2019,242.31,257.88,4516.0,24667.3,61.16,0,3.71
586,Hebei,2019,914.21,995.5,7447.0,34978.6,26.78,1,3.71
587,Henan,2019,460.63,531.1,9901.0,53717.8,24.14,0,3.71
588,Zhejiang,2019,381.41,506.77,6375.0,62462.0,59.43,0,3.71
589,Hainan,2019,43.07,44.04,995.0,5330.8,57.36,0,3.71
590,Hubei,2019,354.75,346.36,5927.0,45429.0,39.61,0,3.71
591,Hunan,2019,310.64,345.49,6640.0,39894.1,49.69,0,3.71
592,Gansu,2019,164.49,171.97,2509.0,8718.3,11.33,1,3.71
593,Fujian,2019,278.11,271.44,4137.0,42326.6,66.8,0,3.71
594,Guizhou,2019,261.13,226.65,3848.0,16769.3,43.77,0,3.71
595,Liaoning,2019,533.39,583.14,4277.0,24855.3,39.24,1,3.71
596,Chongqing,2019,156.25,193.06,3188.0,23605.8,43.11,0,3.71
597,Shaanxi,2019,296.27,289.55,3944.0,25793.2,43.06,1,3.71
598,Qinghai,2019,51.75,57.2,590.0,2941.1,5.82,1,3.71
599,Heilongjiang,2019,278.21,274.14,3255.0,13544.4,43.78,1,3.71
