,Province,Year,Scope 1 Total,Scope 1+2 Total,POP,GDP,Forest_Coverage_Rate,North,Mean_North_Winter_Temp
0,Shanghai,2000,117.97385992188327,119.64298438806883,,,,0,-1.31
1,Yunnan,2000,52.971301280391174,53.22430723525932,,,,0,-1.31
2,InnerMongolia,2000,105.53675244375192,87.49352700146017,,,,1,-1.31
3,Beijing,2000,68.21902433036999,81.83945733511791,,,,1,-1.31
4,Jilin,2000,83.02949761951847,83.70588349385119,,,,1,-1.31
5,Sichuan,2000,105.03921245332428,103.81629819674214,,,,0,-1.31
6,Tianjin,2000,58.228004442111285,59.93193598658455,,,,0,-1.31
7,Ningxia,2000,0.8144065000000001,0.8144065000000001,,,,1,-1.31
8,Anhui,2000,118.73043641533133,116.87136139742596,,,,0,-1.31
9,Shandong,2000,194.78784514745007,194.7809956619978,,,,1,-1.31
10,Shanxi,2000,147.98507247346996,138.15136643143256,,,,1,-1.31
11,Guangdong,2000,199.6429443183436,201.54031131849032,,,,0,-1.31
12,Guangxi,2000,56.15794154155416,59.49795787016941,,,,0,-1.31
13,Xinjiang,2000,65.38733145308775,65.38733145308775,,,,1,-1.31
14,Jiangsu,2000,199.37488448753717,200.0269994595887,,,,0,-1.31
15,Jiangxi,2000,53.2645939829619,53.95540476949286,,,,0,-1.31
16,Hebei,2000,237.2997971859649,234.69550286490312,,,,1,-1.31
17,Henan,2000,162.08590361020842,163.56873999617432,,,,0,-1.31
18,Zhejiang,2000,131.4361321537445,136.18612446668715,,,,0,-1.31
19,Hainan,2000,8.741352140601455,8.741352140601455,,,,0,-1.31
20,Hubei,2000,136.7922614883594,134.5629509741716,,,,0,-1.31
21,Hunan,2000,77.31549570555876,80.35123788387483,,,,0,-1.31
22,Gansu,2000,54.31525581795303,57.36128314221943,,,,1,-1.31
23,Fujian,2000,56.39669225656246,56.309479847384125,,,,0,-1.31
24,Guizhou,2000,81.20479260953667,79.6354327227308,,,,0,-1.31
25,Liaoning,2000,212.95826197826813,232.0004835284621,,,,1,-1.31
26,Chongqing,2000,71.33935404897927,75.37137731406028,,,,0,-1.31
27,Shaanxi,2000,58.911781540042284,60.15374919631482,,,,1,-1.31
28,Qinghai,2000,12.102969145839587,11.92436877465529,,,,1,-1.31
29,Heilongjiang,2000,125.27183150539709,122.23167117177616,,,,1,-1.31
30,Shanghai,2001,122.54449885856738,129.71676359333438,1668.0,5257.7,,0,-0.71
31,Yunnan,2001,61.44856472851598,60.85831963433695,4287.0,2159.0,,0,-0.71
32,InnerMongolia,2001,115.79410864138875,96.05045190592253,2381.0,1713.8,,1,-0.71
33,Beijing,2001,77.3551276281555,99.17865740597513,1385.0,3861.5,,1,-0.71
34,Jilin,2001,89.05653207059567,88.71484778915784,2691.0,1900.9,,1,-0.71
35,Sichuan,2001,108.8051738183267,102.71052638938143,8143.0,4293.5,,0,-0.71
36,Tianjin,2001,60.35520241699159,62.89192086972054,1004.0,1756.9,,0,-0.71
37,Ningxia,2001,0.9261131400000001,0.9261131400000001,563.0,337.4,,1,-0.71
38,Anhui,2001,126.99979596307318,122.93217045380919,6128.0,3502.8,,0,-0.71
39,Shandong,2001,232.68220318848913,232.66675383390827,9041.0,9076.2,,1,-0.71
40,Shanxi,2001,184.1974549860176,171.40359978103055,3272.0,2029.5,,1,-0.71
41,Guangdong,2001,210.02549869215298,216.26529466441443,8733.0,12126.6,,0,-0.71
42,Guangxi,2001,56.14195953182783,59.623198648543834,4788.0,2279.3,,0,-0.71
43,Xinjiang,2001,53.50272176300631,53.50272176300631,1876.0,1491.6,,1,-0.71
44,Jiangsu,2001,191.63634620754175,196.1460853399468,7359.0,9456.8,,0,-0.71
45,Jiangxi,2001,57.98235171479726,58.581454567510725,4186.0,2175.7,,0,-0.71
46,Hebei,2001,251.4884625449733,246.96580328097218,6699.0,5062.9,,1,-0.71
47,Henan,2001,181.329775724849,182.58787636247098,9555.0,5533.0,,0,-0.71
48,Zhejiang,2001,142.8748865052222,149.66017796838975,4729.0,6927.7,,0,-0.71
49,Hainan,2001,9.162028011844523,9.162028011844523,796.0,579.2,,0,-0.71
50,Hubei,2001,135.20562660026394,132.73559977931654,5658.0,3880.5,,0,-0.71
51,Hunan,2001,85.36415498648279,88.57656359843232,6596.0,3831.9,,0,-0.71
52,Gansu,2001,56.07494971510189,58.0156438005452,2523.0,1125.4,,1,-0.71
53,Fujian,2001,56.413464957758514,56.18926934155116,3445.0,4072.9,,0,-0.71
54,Guizhou,2001,82.87431197968175,81.29145800189387,3799.0,1133.3,,0,-0.71
55,Liaoning,2001,205.5101885343827,220.27083769509687,4194.0,5033.1,,1,-0.71
56,Chongqing,2001,65.24425431944864,70.65174398506062,2829.0,2014.6,,0,-0.71
57,Shaanxi,2001,68.37398501087499,69.70559501013251,3653.0,2010.6,,1,-0.71
58,Qinghai,2001,14.723925847764285,13.950414937064584,523.0,300.1,,1,-0.71
59,Heilongjiang,2001,121.06351505195354,122.26054684689768,3811.0,3043.4,,1,-0.71
60,Shanghai,2002,128.4338561705249,132.88339622362514,1713.0,5795.0,,0,0.55
61,Yunnan,2002,72.2917480273624,70.75365220678364,4333.0,2358.7,,0,0.55
62,InnerMongolia,2002,127.06814132037913,105.91809151973976,2384.0,1940.9,,1,0.55
63,Beijing,2002,77.88474709609834,102.91477867530135,1423.0,4525.7,,1,0.55
64,Jilin,2002,92.20486623672102,91.72276711562387,2699.0,2043.1,,1,0.55
65,Sichuan,2002,124.02120992188193,121.65389102899627,8110.0,4725.0,,0,0.55
66,Tianjin,2002,65.13892489698871,65.6255593016003,1007.0,1926.9,,0,0.55
67,Ningxia,2002,1.08754144,1.08754144,572.0,377.2,,1,0.55
68,Anhui,2002,112.75504656468638,112.22300103463128,6144.0,3827.7,,0,0.55
69,Shandong,2002,258.776056761652,258.7331974649613,9082.0,10076.5,,1,0.55
70,Shanxi,2002,221.39320854292248,203.89743009666688,3294.0,2324.8,,1,0.55
71,Guangdong,2002,231.46376760719946,242.593144666299,8842.0,13601.9,,0,0.55
72,Guangxi,2002,56.50666253823719,60.55941804107435,4822.0,2523.7,,0,0.55
73,Xinjiang,2002,69.73357043556369,69.73357043556369,1905.0,1612.6,,1,0.55
74,Jiangsu,2002,220.08443803348965,228.83427567198672,7406.0,10606.9,,0,0.55
75,Jiangxi,2002,63.26416747085795,63.24643841681679,4222.0,2450.5,,0,0.55
76,Hebei,2002,284.4472246787627,280.59542115553626,6735.0,5518.9,,1,0.55
77,Henan,2002,194.31931548256628,196.32641839342122,9613.0,6035.5,,0,0.55
78,Zhejiang,2002,156.47916717453498,169.68763923061422,4776.0,8040.7,,0,0.55
79,Hainan,2002,1.0093991,1.0093991,803.0,642.7,,0,0.55
80,Hubei,2002,154.22448004573533,153.0293899275262,5672.0,4212.8,,0,0.55
81,Hunan,2002,92.08071390288892,94.51334779758686,6629.0,4151.5,,0,0.55
82,Gansu,2002,58.977270700191646,59.17219568279165,2531.0,1232.0,,1,0.55
83,Fujian,2002,67.30376703162496,65.79096557011093,3476.0,4467.6,,0,0.55
84,Guizhou,2002,86.3174581702412,83.81508609114678,3837.0,1243.4,,0,0.55
85,Liaoning,2002,220.6850985906555,231.18717636523144,4203.0,5458.2,,1,0.55
86,Chongqing,2002,69.96443816018498,76.27821628900355,2814.0,2279.8,,0,0.55
87,Shaanxi,2002,76.26400004649521,77.31296493008253,3662.0,2253.4,,1,0.55
88,Qinghai,2002,15.733338073773536,15.877380644597434,529.0,340.7,,1,0.55
89,Heilongjiang,2002,117.87010483695448,118.33276100560222,3813.0,3242.7,,1,0.55
90,Shanghai,2003,136.9787536912782,144.18533350552607,1766.0,6804.0,,0,0.07
91,Yunnan,2003,88.80736797969766,85.43920595915561,4376.0,2633.4,,0,0.07
92,InnerMongolia,2003,149.3258877784741,124.01757012721859,2386.0,2388.4,,1,0.07
93,Beijing,2003,81.9517504582966,108.68799789063848,1456.0,5267.2,,1,0.07
94,Jilin,2003,134.30826291373285,136.4096133800253,2704.0,2141.0,,1,0.07
95,Sichuan,2003,157.16554759088152,154.3643958507248,8176.0,5346.2,,0,0.07
96,Tianjin,2003,66.20120187996967,65.68367963456718,1011.0,2257.8,,0,0.07
97,Ningxia,2003,55.30940462116796,57.16601199238626,580.0,442.6,,1,0.07
98,Anhui,2003,168.01108409421602,155.3331613613128,6163.0,4307.8,,0,0.07
99,Shandong,2003,324.9965954637279,324.9965954637279,9125.0,10903.2,,1,0.07
100,Shanxi,2003,251.74746073171508,232.8001859006076,3314.0,2854.3,,1,0.07
101,Guangdong,2003,261.7097571948845,279.2768366405704,8963.0,15979.8,,0,0.07
102,Guangxi,2003,66.7283884797944,71.93776457900762,4857.0,2798.2,,0,0.07
103,Xinjiang,2003,77.19816645730835,77.19816645730835,1934.0,1889.2,,1,0.07
104,Jiangsu,2003,250.7905478325932,269.1691335506024,7458.0,12442.9,,0,0.07
105,Jiangxi,2003,75.9435118131823,74.30761051144559,4254.0,2812.7,,0,0.07
106,Hebei,2003,328.5863222781353,329.6877125592575,6769.0,6333.6,,1,0.07
107,Henan,2003,215.6703855831443,218.81267990254983,9667.0,6942.4,,0,0.07
108,Zhejiang,2003,178.40673024437208,194.50199737963504,4857.0,9753.4,,0,0.07
109,Hainan,2003,15.583605764656156,15.583605764656156,811.0,714.0,,0,0.07
110,Hubei,2003,165.21098335665522,160.8604807703151,5685.0,4757.5,,0,0.07
111,Hunan,2003,104.8635343083427,106.71388713677848,6663.0,4660.0,,0,0.07
112,Gansu,2003,66.99191314428829,68.13108367418437,2537.0,1399.9,,1,0.07
113,Fujian,2003,82.77706523210024,81.83926046221332,3502.0,4999.6,,0,0.07
114,Guizhou,2003,110.06983638105353,105.06825700993335,3870.0,1429.0,,0,0.07
115,Liaoning,2003,236.74976655685964,245.6428654028819,4210.0,5906.3,,1,0.07
116,Chongqing,2003,68.39063976993806,76.23804675891677,2803.0,2615.6,,0,0.07
117,Shaanxi,2003,86.25337057527062,84.02253067303167,3672.0,2587.7,,1,0.07
118,Qinghai,2003,17.639305355331178,19.53881003074772,534.0,385.0,,1,0.07
119,Heilongjiang,2003,129.5900848720875,129.38700892953707,3815.0,3609.7,,1,0.07
120,Shanghai,2004,148.7175388498583,150.75595275868795,1835.0,8101.6,3.66,0,0.92
121,Yunnan,2004,58.71334930795526,58.966066093425184,4415.0,3136.4,33.64,0,0.92
122,InnerMongolia,2004,207.34123283473784,177.43965993410984,2393.0,2942.4,12.73,1,0.92
123,Beijing,2004,88.13360480455498,118.16431215240753,1493.0,6252.5,18.93,1,0.92
124,Jilin,2004,112.31363224008979,110.96490420597603,2709.0,2455.2,37.43,1,0.92
125,Sichuan,2004,175.04585112067187,171.85856957295564,8090.0,6304.0,23.5,0,0.92
126,Tianjin,2004,78.27709719258758,79.04182201083694,1024.0,2621.1,7.47,0,0.92
127,Ningxia,2004,65.76234329536479,63.6260658551139,588.0,519.9,2.2,1,0.92
128,Anhui,2004,153.80979276224824,146.07931849493198,6228.0,5129.1,22.95,0,0.92
129,Shandong,2004,397.7479550002054,397.7479550002054,9180.0,13308.1,12.58,1,0.92
130,Shanxi,2004,267.8796564901098,247.5138896032344,3335.0,3496.0,11.72,1,0.92
131,Guangdong,2004,296.94889766081866,325.8352037576278,9111.0,18658.3,45.81,0,0.92
132,Guangxi,2004,86.57206217198977,94.97332892204977,4889.0,3305.1,34.37,0,0.92
133,Xinjiang,2004,90.23711693954526,90.23711693954526,1963.0,2170.4,1.08,1,0.92
134,Jiangsu,2004,311.6325269318042,333.8795374095623,7523.0,14823.1,4.51,0,0.92
135,Jiangxi,2004,89.23593643475334,89.39272417547592,4284.0,3398.1,53.37,0,0.92
136,Hebei,2004,374.2083853381341,377.72190814949914,6809.0,7588.6,18.08,1,0.92
137,Henan,2004,277.5516691458938,280.3515783530092,9717.0,8411.2,12.52,0,0.92
138,Zhejiang,2004,217.99425324399323,234.87195465587916,4925.0,11482.1,50.8,0,0.92
139,Hainan,2004,17.15462922133394,17.15462922133394,818.0,802.7,39.56,0,0.92
140,Hubei,2004,182.22808044977964,169.44216270999206,5698.0,5546.8,25.98,0,0.92
141,Hunan,2004,125.33712211504572,128.16237562601964,6698.0,5542.6,38.9,0,0.92
142,Gansu,2004,77.8625102528593,79.62474454603434,2541.0,1653.6,4.83,1,0.92
143,Fujian,2004,100.19851098058658,100.83538165265283,3529.0,5712.1,60.52,0,0.92
144,Guizhou,2004,128.61403070173245,120.45347657749237,3904.0,1649.4,20.81,0,0.92
145,Liaoning,2004,250.24175649861894,268.3719264313689,4217.0,6469.8,30.95,1,0.92
146,Chongqing,2004,68.26929937154937,77.85425873959484,2793.0,3059.5,,0,0.92
147,Shaanxi,2004,107.6779250593402,105.37498231555448,3681.0,3141.6,28.74,1,0.92
148,Qinghai,2004,19.026267501089876,18.76874724660647,539.0,443.7,0.43,1,0.92
149,Heilongjiang,2004,140.1887758432081,135.75675630823798,3817.0,4134.7,38.72,1,0.92
150,Shanghai,2005,158.93896557540904,177.0606811600169,1890.0,9197.1,3.17,0,-0.85
151,Yunnan,2005,133.12047515383244,129.4020694692744,4450.0,3497.7,40.77,0,-0.85
152,InnerMongolia,2005,240.50272826985747,202.6166010982992,2403.0,3523.7,17.7,1,-0.85
153,Beijing,2005,92.12048292769188,126.91784270231673,1538.0,7149.8,21.26,1,-0.85
154,Jilin,2005,143.44249116182823,137.68380699742596,2716.0,2776.5,38.13,1,-0.85
155,Sichuan,2005,170.07584148769268,167.29591378883174,8212.0,7195.9,30.27,0,-0.85
156,Tianjin,2005,88.98238145157475,90.93750701500265,1043.0,3158.6,8.14,0,-0.85
157,Ningxia,2005,51.729326906244594,51.586982901147536,596.0,579.9,6.08,1,-0.85
158,Anhui,2005,156.6682292992142,151.1560733909039,6120.0,5675.9,24.03,0,-0.85
159,Shandong,2005,556.5209976162159,556.5482871137799,9248.0,15947.5,13.44,1,-0.85
160,Shanxi,2005,290.0299785287693,258.95012789148836,3355.0,4079.4,13.29,1,-0.85
161,Guangdong,2005,341.8488059247428,383.5883885457276,9194.0,21963.0,46.49,0,-0.85
162,Guangxi,2005,98.8688332028107,105.65462771428575,4660.0,3742.1,41.41,0,-0.85
163,Xinjiang,2005,101.06341912817197,101.06341912817197,2010.0,2520.5,2.94,1,-0.85
164,Jiangsu,2005,396.10230618810346,407.3163655259801,7588.0,18121.3,7.54,0,-0.85
165,Jiangxi,2005,96.35209132234395,98.17495177325283,4311.0,3941.2,55.86,0,-0.85
166,Hebei,2005,459.1315912495206,475.0520892033756,6851.0,8773.4,17.69,1,-0.85
167,Henan,2005,336.21086894884485,333.60646052540585,9380.0,10243.5,16.19,0,-0.85
168,Zhejiang,2005,255.8217629198037,274.60311918647994,4991.0,13028.3,54.41,0,-0.85
169,Hainan,2005,16.462106368354636,16.462106368354632,828.0,884.9,48.87,0,-0.85
170,Hubei,2005,189.25281411580164,175.95248287029892,5710.0,6469.7,26.77,0,-0.85
171,Hunan,2005,178.48029746614654,182.95982146982442,6326.0,6369.9,40.63,0,-0.85
172,Gansu,2005,84.24710025712882,85.76530427486988,2545.0,1864.6,6.66,1,-0.85
173,Fujian,2005,123.89974396498974,123.13474330877102,3557.0,6415.5,62.96,0,-0.85
174,Guizhou,2005,145.5964876096506,133.5565562699969,3730.0,1939.9,23.83,0,-0.85
175,Liaoning,2005,279.63790317709476,299.7675011032843,4221.0,7260.8,32.97,1,-0.85
176,Chongqing,2005,81.64411210465036,93.33599970375211,2798.0,3448.4,22.25,0,-0.85
177,Shaanxi,2005,122.31187677756532,117.95527125296475,3690.0,3817.2,32.55,1,-0.85
178,Qinghai,2005,19.89102104716688,20.800396860718653,543.0,499.4,4.4,1,-0.85
179,Heilongjiang,2005,158.0503302882191,150.99755766509566,3820.0,4756.4,39.54,1,-0.85
180,Shanghai,2006,165.24308647424473,191.12559828945297,1964.0,10598.9,3.17,0,0.26
181,Yunnan,2006,150.19078542851773,143.54347799051203,4483.0,4090.7,40.77,0,0.26
182,InnerMongolia,2006,290.67422687529756,236.14494454101484,2415.0,4161.8,17.7,1,0.26
183,Beijing,2006,96.66790259585086,136.51710484177067,1601.0,8387.0,21.26,1,0.26
184,Jilin,2006,158.905679123779,154.45808054699336,2723.0,3226.5,38.13,1,0.26
185,Sichuan,2006,189.77510864040948,187.6775015593428,8169.0,8494.7,30.27,0,0.26
186,Tianjin,2006,95.51667936914325,103.22760841520237,1075.0,3538.2,8.14,0,0.26
187,Ningxia,2006,58.831912151458425,58.43009791040778,604.0,683.3,6.08,1,0.26
188,Anhui,2006,175.77086805936864,169.98399750886483,6110.0,6500.3,24.03,0,0.26
189,Shandong,2006,605.5129207863811,603.061320037339,9309.0,18967.8,13.44,1,0.26
190,Shanxi,2006,320.11492354153717,285.15756018132953,3375.0,4713.6,13.29,1,0.26
191,Guangdong,2006,376.1648815814024,431.6039595952535,9442.0,25961.2,46.49,0,0.26
192,Guangxi,2006,112.84702722472754,119.35261789846864,4719.0,4417.8,41.41,0,0.26
193,Xinjiang,2006,113.92303771193431,113.92303771193431,2050.0,2957.3,2.94,1,0.26
194,Jiangsu,2006,440.94789480677787,448.9572366172428,7656.0,21240.8,7.54,0,0.26
195,Jiangxi,2006,108.82369254641571,109.91766821150239,4339.0,4696.8,55.86,0,0.26
196,Hebei,2006,486.74927533478217,518.0132932939962,6898.0,10043.0,17.69,1,0.26
197,Henan,2006,378.96726457254283,374.2385980848937,9392.0,11977.9,16.19,0,0.26
198,Zhejiang,2006,290.25271626278953,305.56555350959826,5072.0,15302.7,54.41,0,0.26
199,Hainan,2006,19.189180813866095,19.189180813866095,836.0,1027.5,48.87,0,0.26
200,Hubei,2006,225.2009713028013,213.76905387818894,5693.0,7531.8,26.77,0,0.26
201,Hunan,2006,203.1530009372578,206.40100634885354,6342.0,7431.6,40.63,0,0.26
202,Gansu,2006,89.4046082417153,89.83734170308729,2547.0,2203.0,6.66,1,0.26
203,Fujian,2006,135.42201906605686,133.7493812387739,3585.0,7468.6,62.96,0,0.26
204,Guizhou,2006,169.64187500958727,144.83418471303227,3690.0,2264.1,23.83,0,0.26
205,Liaoning,2006,317.89715687075693,339.805146429483,4271.0,8390.3,32.97,1,0.26
206,Chongqing,2006,90.03083984616961,101.90172496342234,2808.0,3900.3,22.25,0,0.26
207,Shaanxi,2006,128.68314212013937,131.47992516504098,3699.0,4595.6,32.55,1,0.26
208,Qinghai,2006,24.357939567850554,24.489625137696606,548.0,585.2,4.4,1,0.26
209,Heilongjiang,2006,179.02947181578858,171.08251597070804,3823.0,5329.8,39.54,1,0.26
210,Shanghai,2007,174.7746132947715,207.3714345556548,2064.0,12878.7,3.17,0,0.87
211,Yunnan,2007,161.23078829999284,151.69613179366812,4514.0,5077.4,40.77,0,0.87
212,InnerMongolia,2007,340.00193805494496,272.7332209451585,2429.0,5166.9,17.7,1,0.87
213,Beijing,2007,102.88989922498752,146.61501234529848,1676.0,10425.5,21.26,1,0.87
214,Jilin,2007,170.5014476539569,166.69594830674706,2730.0,4080.3,38.13,1,0.87
215,Sichuan,2007,208.48408119695574,208.09960948112285,8127.0,10562.1,30.27,0,0.87
216,Tianjin,2007,103.44722155465952,113.95209068712319,1115.0,4158.4,8.14,0,0.87
217,Ningxia,2007,66.49994144433164,65.64207945086191,610.0,877.6,6.08,1,0.87
218,Anhui,2007,197.6529384982752,189.79936897838462,6118.0,7941.6,24.03,0,0.87
219,Shandong,2007,662.9552559747367,662.9552559747367,9367.0,22718.1,13.44,1,0.87
220,Shanxi,2007,344.9414235121161,313.3765351777947,3393.0,5935.6,13.29,1,0.87
221,Guangdong,2007,410.14286685288874,482.15269648223205,9660.0,31742.6,46.49,0,0.87
222,Guangxi,2007,128.21514550415154,131.26634902449868,4768.0,5474.8,41.41,0,0.87
223,Xinjiang,2007,125.28367483515002,125.28367483515002,2095.0,3500.0,2.94,1,0.87
224,Jiangsu,2007,468.71044767237976,485.93745332443666,7723.0,25988.4,7.54,0,0.87
225,Jiangxi,2007,127.2091787784605,128.9355304464864,4368.0,5777.6,55.86,0,0.87
226,Hebei,2007,529.0252113991875,562.3003856664817,6943.0,12152.9,17.69,1,0.87
227,Henan,2007,426.2391947420675,422.8499935408141,9360.0,14824.5,16.19,0,0.87
228,Zhejiang,2007,325.3340873649783,338.07812827581233,5155.0,18640.0,54.41,0,0.87
229,Hainan,2007,21.672472092186005,21.672472092186005,845.0,1234.0,48.87,0,0.87
230,Hubei,2007,249.79314855541668,235.4716748624852,5699.0,9451.4,26.77,0,0.87
231,Hunan,2007,223.29688781518723,231.15585077553544,6355.0,9285.5,40.63,0,0.87
232,Gansu,2007,97.78653307448664,97.56619485696868,2548.0,2675.1,6.66,1,0.87
233,Fujian,2007,161.33739629740728,159.3978714264818,3612.0,9325.6,62.96,0,0.87
234,Guizhou,2007,171.97705640029886,146.51533107324957,3632.0,2847.5,23.83,0,0.87
235,Liaoning,2007,362.2384937790179,386.47644397492707,4298.0,10292.2,32.97,1,0.87
236,Chongqing,2007,99.16608723966124,109.3420634764483,2816.0,4770.7,22.25,0,0.87
237,Shaanxi,2007,148.11819442464508,144.27920169383316,3708.0,5681.8,32.55,1,0.87
238,Qinghai,2007,25.969322358233327,26.81094788904756,552.0,720.1,4.4,1,0.87
239,Heilongjiang,2007,187.37465448604698,178.39409028418342,3824.0,6126.3,39.54,1,0.87
240,Shanghai,2008,178.1545456961918,212.60594004663437,2141.0,14536.9,3.17,0,0.22
241,Yunnan,2008,163.7652542646937,153.7698965648251,4543.0,6016.6,40.77,0,0.22
242,InnerMongolia,2008,411.42506641457385,322.5076448360016,2444.0,6242.4,17.7,1,0.22
243,Beijing,2008,99.20892341111022,144.2132033937982,1771.0,11813.1,21.26,1,0.22
244,Jilin,2008,179.3568417804548,176.20487593380827,2734.0,4834.7,38.13,1,0.22
245,Sichuan,2008,230.14220042407163,230.8903475314415,8138.0,12756.2,30.27,0,0.22
246,Tianjin,2008,110.23015160436901,123.16293668902817,1176.0,5182.4,8.14,0,0.22
247,Ningxia,2008,75.39025213910588,73.53203267708328,618.0,1139.2,6.08,1,0.22
248,Anhui,2008,225.0171910787697,206.4723662080328,6135.0,9517.7,24.03,0,0.22
249,Shandong,2008,697.7301082068952,700.4692626725457,9417.0,27106.2,13.44,1,0.22
250,Shanxi,2008,370.9055722226618,331.8636514316647,3411.0,7223.0,13.29,1,0.22
251,Guangdong,2008,416.9225754005533,501.8243486868338,9893.0,36704.2,46.49,0,0.22
252,Guangxi,2008,132.978157912084,134.6358315967222,4816.0,6455.4,41.41,0,0.22
253,Xinjiang,2008,137.18970466869027,137.18970466869027,2131.0,4142.5,2.94,1,0.22
254,Jiangsu,2008,496.58220211500253,524.5922592612404,7762.0,30945.5,7.54,0,0.22
255,Jiangxi,2008,130.28926898866615,135.52512329478887,4400.0,6934.2,55.86,0,0.22
256,Hebei,2008,554.430384715875,599.7818047975677,6989.0,14200.1,17.69,1,0.22
257,Henan,2008,435.5624151629848,436.30141635054383,9429.0,17735.9,16.19,0,0.22
258,Zhejiang,2008,330.1611260318886,350.1414643913594,5212.0,21284.6,54.41,0,0.22
259,Hainan,2008,24.847157427525026,24.847157427525023,854.0,1474.7,48.87,0,0.22
260,Hubei,2008,253.97977885847462,240.06893226937171,5711.0,11497.5,26.77,0,0.22
261,Hunan,2008,226.52412243464207,254.69363379332287,6380.0,11307.4,40.63,0,0.22
262,Gansu,2008,103.34735406296203,105.14123761109117,2551.0,3071.7,6.66,1,0.22
263,Fujian,2008,165.74985826930669,165.59349336356098,3639.0,10931.8,62.96,0,0.22
264,Guizhou,2008,163.40030343569464,133.2341540623833,3596.0,3504.5,23.83,0,0.22
265,Liaoning,2008,371.406413845229,398.523673854149,4315.0,12137.7,32.97,1,0.22
266,Chongqing,2008,126.25321482528061,136.44323006572716,2839.0,5899.5,22.25,0,0.22
267,Shaanxi,2008,165.36150960455947,158.68501905241362,3718.0,7177.8,32.55,1,0.22
268,Qinghai,2008,31.57438318211816,32.83076486859954,554.0,896.9,4.4,1,0.22
269,Heilongjiang,2008,197.33701140843866,187.64119130777436,3825.0,7134.2,39.54,1,0.22
270,Shanghai,2009,179.0587576285867,215.66715143053676,2210.0,15742.4,3.17,0,-0.93
271,Yunnan,2009,187.16701742896836,172.560949172876,4571.0,6574.4,40.77,0,-0.93
272,InnerMongolia,2009,445.30972872596567,351.9407547115649,2458.0,7104.2,17.7,1,-0.93
273,Beijing,2009,100.38728321058926,150.3455816260563,1860.0,12900.9,21.26,1,-0.93
274,Jilin,2009,185.73168717994787,182.34599910190454,2740.0,5434.8,38.13,1,-0.93
275,Sichuan,2009,263.1147795152929,259.4820594077288,8185.0,14190.6,30.27,0,-0.93
276,Tianjin,2009,122.34688150535099,137.63762156856976,1228.0,5709.6,8.14,0,-0.93
277,Ningxia,2009,79.99776623501732,79.4794113025802,625.0,1266.7,6.08,1,-0.93
278,Anhui,2009,251.5141808835366,223.29856353966952,6131.0,10864.7,24.03,0,-0.93
279,Shandong,2009,717.8599456014658,717.8599456014658,9470.0,29540.8,13.44,1,-0.93
280,Shanxi,2009,375.42413564317155,328.39450652508384,3427.0,7147.6,13.29,1,-0.93
281,Guangdong,2009,437.57279109893886,534.1883112856065,10130.0,39464.7,46.49,0,-0.93
282,Guangxi,2009,151.7846715395258,154.03475562342146,4856.0,7112.9,41.41,0,-0.93
283,Xinjiang,2009,156.6827706987094,156.6827706987094,2159.0,4237.0,2.94,1,-0.93
284,Jiangsu,2009,515.622398002454,553.6557162134496,7810.0,34471.7,7.54,0,-0.93
285,Jiangxi,2009,142.18209598430767,150.44594062163466,4432.0,7630.0,55.86,0,-0.93
286,Hebei,2009,577.7937984617936,635.265170990044,7034.0,15306.9,17.69,1,-0.93
287,Henan,2009,450.7255636194815,453.1476884015979,9487.0,19181.0,16.19,0,-0.93
288,Zhejiang,2009,338.4746078125286,361.89981254356695,5276.0,22833.7,54.41,0,-0.93
289,Hainan,2009,26.997130913922664,26.997130913922664,864.0,1620.3,48.87,0,-0.93
290,Hubei,2009,275.1843819313942,274.14553005397477,5720.0,13192.1,26.77,0,-0.93
291,Hunan,2009,239.04851162192577,264.80745734008264,6406.0,12772.8,40.63,0,-0.93
292,Gansu,2009,100.81326106754993,101.03352629788792,2555.0,3268.3,6.66,1,-0.93
293,Fujian,2009,187.81732356593022,186.08797277620673,3666.0,12418.1,62.96,0,-0.93
294,Guizhou,2009,184.70320741040462,146.4521645831714,3537.0,3856.7,23.83,0,-0.93
295,Liaoning,2009,406.8927430511158,436.37138590879476,4341.0,12815.7,32.97,1,-0.93
296,Chongqing,2009,133.08107012288158,146.07522359173058,2859.0,6651.2,22.25,0,-0.93
297,Shaanxi,2009,185.950595134729,187.45062801394684,3727.0,7997.8,32.55,1,-0.93
298,Qinghai,2009,33.456701024566286,33.62202135970795,557.0,939.7,4.4,1,-0.93
299,Heilongjiang,2009,203.16879393582428,200.5476886662241,3826.0,7218.9,39.54,1,-0.93
300,Shanghai,2010,195.50302827774368,231.0903474265625,2303.0,17915.4,9.41,0,-1.36
301,Yunnan,2010,198.126342692032,181.83642901994975,4602.0,7735.3,47.5,0,-1.36
302,InnerMongolia,2010,490.6219776174094,387.56685574735866,2472.0,8199.9,20.0,1,-1.36
303,Beijing,2010,105.0396503711451,159.51614361279408,1962.0,14964.0,31.72,1,-1.36
304,Jilin,2010,202.64767426280343,196.16058476120782,2747.0,6410.5,38.93,1,-1.36
305,Sichuan,2010,304.46086198970346,303.21628313394154,8045.0,17224.8,34.31,0,-1.36
306,Tianjin,2010,139.15245508799373,149.78632451497134,1299.0,6830.8,8.24,0,-1.36
307,Ningxia,2010,97.91519042245451,93.36081156613596,633.0,1571.7,9.84,1,-1.36
308,Anhui,2010,271.4410193008641,241.5734355895802,5957.0,13249.8,26.06,0,-1.36
309,Shandong,2010,795.4924852384287,815.7262832072564,9588.0,33922.5,16.72,1,-1.36
310,Shanxi,2010,443.01021169808365,378.7820875061327,3574.0,8903.9,14.12,1,-1.36
311,Guangdong,2010,476.84115568397135,560.3450689799854,10441.0,45944.6,49.44,0,-1.36
312,Guangxi,2010,174.6053329175005,175.54247051706548,4610.0,8552.4,52.71,0,-1.36
313,Xinjiang,2010,169.46439830264163,169.2541703817781,2185.0,5360.2,4.02,1,-1.36
314,Jiangsu,2010,589.8210571111091,630.6636825405085,7869.0,41383.9,10.48,0,-1.36
315,Jiangxi,2010,151.89277852902677,158.02511848162277,4462.0,9383.2,58.32,0,-1.36
316,Hebei,2010,681.7861544840373,746.9398299180873,7194.0,18003.6,22.29,1,-1.36
317,Henan,2010,513.6118440938787,528.9977371009816,9405.0,22655.0,20.16,0,-1.36
318,Zhejiang,2010,361.1203557338119,386.85068605722097,5447.0,27399.9,57.41,0,-1.36
319,Hainan,2010,28.925926539376242,28.800816000754992,869.0,2020.5,51.98,0,-1.36
320,Hubei,2010,337.6585676166213,333.91652042724195,5728.0,16226.9,31.14,0,-1.36
321,Hunan,2010,262.15386754397247,281.1812149332375,6570.0,15574.3,44.76,0,-1.36
322,Gansu,2010,127.58706335732481,129.09420060048808,2560.0,3943.7,10.42,1,-1.36
323,Fujian,2010,201.08385590023732,199.20443375740788,3693.0,15002.5,63.1,0,-1.36
324,Guizhou,2010,192.42304615485264,159.05332119647244,3479.0,4519.0,31.61,0,-1.36
325,Liaoning,2010,458.7596772760892,496.07159458186703,4375.0,13896.3,35.13,1,-1.36
326,Chongqing,2010,145.4157381793088,161.50854077739407,2885.0,8065.3,34.85,0,-1.36
327,Shaanxi,2010,225.25707276334555,220.81052294439945,3735.0,9845.2,37.26,1,-1.36
328,Qinghai,2010,32.011273447715986,35.83429472000342,563.0,1144.2,4.57,1,-1.36
329,Heilongjiang,2010,224.85888002324447,223.16778314121305,3833.0,8308.3,42.39,1,-1.36
330,Shanghai,2011,201.49469207404664,233.98635144903525,2356.0,20009.7,9.41,0,-0.66
331,Yunnan,2011,209.16100908403334,194.4886020954318,4620.0,9523.1,47.5,0,-0.66
332,InnerMongolia,2011,616.5521931220763,476.12280022888683,2470.0,9458.1,20.0,1,-0.66
333,Beijing,2011,95.31081762297845,155.81443200180746,2024.0,17188.8,31.72,1,-0.66
334,Jilin,2011,234.433201893691,228.5513882324629,2725.0,7734.6,38.93,1,-0.66
335,Sichuan,2011,308.64693239261726,312.8982674617344,8064.0,21050.9,34.31,0,-0.66
336,Tianjin,2011,154.28934377191771,164.16106332135703,1341.0,8112.5,8.24,0,-0.66
337,Ningxia,2011,139.83782632635416,115.79755201980967,648.0,1931.8,9.84,1,-0.66
338,Anhui,2011,294.08613897707727,262.9173919120215,5972.0,16284.9,26.06,0,-0.66
339,Shandong,2011,830.7683050604712,875.8387546828915,9665.0,39064.9,16.72,1,-0.66
340,Shanxi,2011,474.8159666235525,410.51734406071387,3562.0,10894.4,14.12,1,-0.66
341,Guangdong,2011,526.2636938222704,594.0858922681144,10756.0,53072.8,49.44,0,-0.66
342,Guangxi,2011,195.17490008002235,204.57958011798547,4655.0,10299.9,52.71,0,-0.66
343,Xinjiang,2011,206.3869704787732,203.88492418625484,2225.0,6532.0,4.02,1,-0.66
344,Jiangsu,2011,636.9380606088658,675.5212454433979,8023.0,48839.2,10.48,0,-0.66
345,Jiangxi,2011,165.33273882690682,174.38505501885084,4474.0,11584.5,58.32,0,-0.66
346,Hebei,2011,760.7022684952076,832.7972225596436,7232.0,21384.7,22.29,1,-0.66
347,Henan,2011,556.076005337778,570.1015434011867,9461.0,26318.7,20.16,0,-0.66
348,Zhejiang,2011,382.70565614537844,415.2583180336343,5570.0,31854.8,57.41,0,-0.66
349,Hainan,2011,34.921713764557545,34.912274832381044,890.0,2463.8,51.98,0,-0.66
350,Hubei,2011,384.29986995406114,364.1696374416025,5760.0,19942.5,31.14,0,-0.66
351,Hunan,2011,291.8840658424387,314.57277603567655,6581.0,18915.0,44.76,0,-0.66
352,Gansu,2011,140.31612868547626,134.25112446503283,2552.0,4816.9,10.42,1,-0.66
353,Fujian,2011,238.13672202057845,235.74891580434124,3784.0,17917.7,63.1,0,-0.66
354,Guizhou,2011,212.56005902687633,184.41527155905587,3530.0,5615.6,31.61,0,-0.66
355,Liaoning,2011,471.2427563690633,514.623234351819,4379.0,16354.9,35.13,1,-0.66
356,Chongqing,2011,166.6056795300201,185.6147664315439,2944.0,10161.2,34.85,0,-0.66
357,Shaanxi,2011,247.48329163503573,227.52143601040828,3765.0,12175.1,37.26,1,-0.66
358,Qinghai,2011,36.85486450699522,46.81437741040042,568.0,1370.4,4.57,1,-0.66
359,Heilongjiang,2011,254.78670014789645,251.82329444735794,3782.0,9935.0,42.39,1,-0.66
360,Shanghai,2012,195.92639429225275,248.4079165675518,2399.0,21305.6,9.41,0,-1.86
361,Yunnan,2012,215.81847531200285,231.2074907315644,4631.0,11097.4,47.5,0,-1.86
362,InnerMongolia,2012,635.165129618301,779.3933170772175,2464.0,10470.1,20.0,1,-1.86
363,Beijing,2012,97.99804082927608,160.58140591242957,2078.0,19024.7,31.72,1,-1.86
364,Jilin,2012,229.93690309238607,275.19755376515917,2698.0,8678.0,38.93,1,-1.86
365,Sichuan,2012,338.2872157355073,352.80102442626674,8085.0,23922.4,34.31,0,-1.86
366,Tianjin,2012,160.3253001381256,174.6235253482391,1378.0,9043.0,8.24,0,-1.86
367,Ningxia,2012,136.58613901575066,172.69671804798503,659.0,2131.0,9.84,1,-1.86
368,Anhui,2012,323.99626804468426,359.31402449397734,5978.0,18341.7,26.06,0,-1.86
369,Shandong,2012,872.9060006276727,920.5406860418072,9708.0,42957.3,16.72,1,-1.86
370,Shanxi,2012,501.49477254667363,575.7812858103134,3548.0,11683.1,14.12,1,-1.86
371,Guangdong,2012,513.4403169163063,609.2167071168163,11041.0,57007.7,49.44,0,-1.86
372,Guangxi,2012,208.20089517900544,222.7531696425781,4694.0,11303.6,52.71,0,-1.86
373,Xinjiang,2012,256.08089153868735,258.8261847378561,2253.0,7411.8,4.02,1,-1.86
374,Jiangsu,2012,656.742258033947,723.4600196253515,8120.0,53701.9,10.48,0,-1.86
375,Jiangxi,2012,166.15725369851023,176.69197438312725,4475.0,12807.7,58.32,0,-1.86
376,Hebei,2012,751.7754797228073,820.6765879473423,7262.0,23077.5,22.29,1,-1.86
377,Henan,2012,529.2456157585495,558.5569194517062,9532.0,28961.9,20.16,0,-1.86
378,Zhejiang,2012,380.75844116203814,419.1741922595884,5685.0,34382.4,57.41,0,-1.86
379,Hainan,2012,37.26419842619965,37.350889051760646,910.0,2789.4,51.98,0,-1.86
380,Hubei,2012,376.93964548643754,434.8906521449711,5781.0,22590.9,31.14,0,-1.86
381,Hunan,2012,291.2228096013846,334.41486258354576,6590.0,21207.2,44.76,0,-1.86
382,Gansu,2012,154.24905210596128,185.71637666714696,2550.0,5393.1,10.42,1,-1.86
383,Fujian,2012,233.89508880239543,237.94184303648078,3841.0,20190.7,63.1,0,-1.86
384,Guizhou,2012,232.27842323258625,262.89406666768684,3587.0,6742.2,31.61,0,-1.86
385,Liaoning,2012,481.3167730312722,541.6336766254117,4375.0,17848.6,35.13,1,-1.86
386,Chongqing,2012,171.64582907477285,197.55588390081138,2975.0,11595.4,34.85,0,-1.86
387,Shaanxi,2012,268.6770299835775,288.6482110349251,3787.0,14142.4,37.26,1,-1.86
388,Qinghai,2012,44.90788501644829,55.383053891046345,571.0,1528.5,4.57,1,-1.86
389,Heilongjiang,2012,279.462101035408,298.1487963357523,3724.0,11015.8,42.39,1,-1.86
390,Shanghai,2013,207.63362991039995,254.14677329674396,2448.0,23204.1,9.41,0,-1.0
391,Yunnan,2013,211.50697991287927,191.4172720308572,4641.0,12825.5,47.5,0,-1.0
392,InnerMongolia,2013,590.5561376676022,463.73311585896977,2455.0,11392.4,20.0,1,-1.0
393,Beijing,2013,94.07097739399289,150.99191891551385,2125.0,21134.6,31.72,1,-1.0
394,Jilin,2013,223.47767817420345,216.10393732734929,2668.0,9427.9,38.93,1,-1.0
395,Sichuan,2013,351.7691030978473,338.73868297174596,8109.0,26518.0,34.31,0,-1.0
396,Tianjin,2013,159.65140504854082,176.20340695457318,1410.0,9945.4,8.24,0,-1.0
397,Ningxia,2013,144.10836242348782,120.19320683752753,666.0,2327.7,9.84,1,-1.0
398,Anhui,2013,356.7316023920952,322.5316540698677,5988.0,20584.0,26.06,0,-1.0
399,Shandong,2013,794.2057679240171,841.539401448775,9746.0,47344.3,16.72,1,-1.0
400,Shanxi,2013,508.75768023823025,440.3361952662719,3535.0,11987.2,14.12,1,-1.0
401,Guangdong,2013,506.5642967639579,614.0047000198836,11270.0,62503.4,49.44,0,-1.0
402,Guangxi,2013,213.7144545435134,220.15646876336473,4731.0,12448.4,52.71,0,-1.0
403,Xinjiang,2013,296.45922411288393,292.0412093916248,2285.0,8392.6,4.02,1,-1.0
404,Jiangsu,2013,706.6238201075838,765.1925760486608,8192.0,59349.4,10.48,0,-1.0
405,Jiangxi,2013,202.4053653735488,209.3944006246718,4476.0,14300.2,58.32,0,-1.0
406,Hebei,2013,823.1134677108537,895.6138657390977,7288.0,24259.6,22.29,1,-1.0
407,Henan,2013,492.9023265998856,515.8287921156042,9573.0,31632.5,20.16,0,-1.0
408,Zhejiang,2013,382.4288333555537,434.7601456259503,5784.0,37334.6,57.41,0,-1.0
409,Hainan,2013,39.47442180628555,39.46937839957398,920.0,3115.9,51.98,0,-1.0
410,Hubei,2013,319.4555918722865,326.0497149873471,5798.0,25378.0,31.14,0,-1.0
411,Hunan,2013,281.2022957687168,301.14177115018504,6600.0,23545.2,44.76,0,-1.0
412,Gansu,2013,160.89887090116835,162.91420523323998,2537.0,6014.5,10.42,1,-1.0
413,Fujian,2013,236.14744462845317,235.21592439176683,3885.0,22503.8,63.1,0,-1.0
414,Guizhou,2013,235.47117857475874,204.93591652550185,3632.0,7973.1,31.61,0,-1.0
415,Liaoning,2013,502.55542895676183,547.4136268541223,4365.0,19208.8,35.13,1,-1.0
416,Chongqing,2013,149.12160103239955,171.66628417659828,3011.0,13027.6,34.85,0,-1.0
417,Shaanxi,2013,273.3468278556945,248.25261726522524,3804.0,15905.4,37.26,1,-1.0
418,Qinghai,2013,48.14935117761583,59.782822230167056,571.0,1713.3,4.57,1,-1.0
419,Heilongjiang,2013,266.44890307229264,263.1365259529964,3666.0,11849.1,42.39,1,-1.0
420,Shanghai,2014,194.2199469248182,264.1073671492504,2467.0,25269.8,10.74,0,0.35
421,Yunnan,2014,199.7304371710598,217.13061909962988,4653.0,14041.7,50.03,0,0.35
422,InnerMongolia,2014,600.6099673502023,733.0426789056332,2449.0,12158.2,21.03,1,0.35
423,Beijing,2014,93.25545085165987,151.0586666105134,2171.0,22926.0,35.84,1,0.35
424,Jilin,2014,223.31449659943996,261.031029369802,2642.0,9966.5,40.38,1,0.35
425,Sichuan,2014,351.47989360632386,374.7720177179157,8139.0,28891.3,35.22,0,0.35
426,Tianjin,2014,158.10510263335652,177.51645918607915,1429.0,10640.6,9.87,0,0.35
427,Ningxia,2014,144.57275636913772,174.982952183803,678.0,2473.9,11.89,1,0.35
428,Anhui,2014,363.2736197440766,397.93793320402375,5997.0,22519.7,27.53,0,0.35
429,Shandong,2014,819.0641021326953,866.4041974206266,9808.0,50774.8,16.73,1,0.35
430,Shanxi,2014,498.32294433857027,570.3286627489141,3528.0,12094.7,18.03,1,0.35
431,Guangdong,2014,513.8736926405807,697.2372959040249,11489.0,68173.0,51.26,0,0.35
432,Guangxi,2014,212.20266920188624,225.58202801164708,4770.0,13587.8,56.51,0,0.35
433,Xinjiang,2014,332.08192683121496,343.9115279452917,2325.0,9264.5,4.24,1,0.35
434,Jiangsu,2014,708.2423863330208,795.3244761004768,8281.0,64830.5,15.8,0,0.35
435,Jiangxi,2014,207.6600804464491,221.8135834330351,4480.0,15667.8,60.01,0,0.35
436,Hebei,2014,791.4279599743411,872.8120640845801,7323.0,25208.9,23.41,1,0.35
437,Henan,2014,544.9773045947555,596.5664037943775,9645.0,34574.8,21.5,0,0.35
438,Zhejiang,2014,378.77764627633127,448.63036480298166,5890.0,40023.5,59.07,0,0.35
439,Hainan,2014,40.73606424727762,41.338685847512025,936.0,3449.0,55.38,0,0.35
440,Hubei,2014,320.1458635264451,385.05732183189014,5816.0,28242.1,38.4,0,0.35
441,Hunan,2014,278.6829024875204,308.2226198582037,6611.0,25881.3,47.77,0,0.35
442,Gansu,2014,164.61929201631173,190.08661540537142,2531.0,6518.4,11.28,1,0.35
443,Fujian,2014,249.34972734358368,250.31664772157197,3945.0,24942.1,65.95,0,0.35
444,Guizhou,2014,233.31079882133497,259.9535629425206,3677.0,9173.1,37.09,0,0.35
445,Liaoning,2014,506.3867960346099,585.9490993524875,4358.0,20025.7,38.24,1,0.35
446,Chongqing,2014,162.89678709549733,187.13758499905623,3043.0,14623.8,38.43,0,0.35
447,Shaanxi,2014,285.3440757115496,311.81385760953515,3827.0,17402.5,41.42,1,0.35
448,Qinghai,2014,48.75315642595489,63.3580489632905,576.0,1847.7,5.63,1,0.35
449,Heilongjiang,2014,277.8868930975648,298.7184087544626,3608.0,12170.8,43.16,1,0.35
450,Shanghai,2015,195.3237817921941,254.18745824845254,2458.0,26887.0,10.74,0,0.42
451,Yunnan,2015,179.81572621795846,168.42942479275038,4663.0,14960.0,50.03,0,0.42
452,InnerMongolia,2015,601.5459695593211,482.346656730731,2440.0,12949.0,21.03,1,0.42
453,Beijing,2015,92.76300152758073,145.98284043347647,2188.0,24779.1,35.84,1,0.42
454,Jilin,2015,208.31359598810442,205.5713943059784,2613.0,10018.0,40.38,1,0.42
455,Sichuan,2015,332.37742926500573,321.5074267209823,8196.0,30342.0,35.22,0,0.42
456,Tianjin,2015,154.35302744250365,174.66840719403137,1439.0,10879.5,9.87,0,0.42
457,Ningxia,2015,141.82127548115926,122.23001859040937,684.0,2579.4,11.89,1,0.42
458,Anhui,2015,363.9109300964534,333.93026970514404,6011.0,23831.2,27.53,0,0.42
459,Shandong,2015,854.4627516280749,902.9610619238678,9866.0,55288.8,16.73,1,0.42
460,Shanxi,2015,461.6094384464857,405.73613626203866,3519.0,11836.4,18.03,1,0.42
461,Guangdong,2015,515.0797849417779,647.0557985953582,11678.0,74732.4,51.26,0,0.42
462,Guangxi,2015,203.06490776426824,212.77288413740703,4811.0,14797.8,56.51,0,0.42
463,Xinjiang,2015,345.7297014626275,326.8833133358071,2385.0,9306.9,4.24,1,0.42
464,Jiangsu,2015,721.6548660673056,792.5307124531193,8315.0,71255.9,15.8,0,0.42
465,Jiangxi,2015,216.1358825378634,217.1105074508634,4485.0,16780.9,60.01,0,0.42
466,Hebei,2015,788.4130616806061,854.8171808780351,7345.0,26398.4,23.41,1,0.42
467,Henan,2015,527.4305568576484,581.5680262402346,9701.0,37084.1,21.5,0,0.42
468,Zhejiang,2015,378.84171386757384,436.1760536887533,5985.0,43507.7,59.07,0,0.42
469,Hainan,2015,42.28151654875863,43.321766760523474,945.0,3734.2,55.38,0,0.42
470,Hubei,2015,317.996539327078,326.6082429267417,5850.0,30344.0,38.4,0,0.42
471,Hunan,2015,292.52592741950764,317.7153138645476,6615.0,28538.6,47.77,0,0.42
472,Gansu,2015,160.0849984748306,160.37676718270973,2523.0,6556.6,11.28,1,0.42
473,Fujian,2015,234.24172589131922,233.02751790722118,3984.0,26819.5,65.95,0,0.42
474,Guizhou,2015,234.98136572749817,203.56462842324132,3708.0,10541.0,37.09,0,0.42
475,Liaoning,2015,493.9443431667032,533.4095668444477,4338.0,20210.3,38.24,1,0.42
476,Chongqing,2015,164.19669263610592,187.9809045322784,3070.0,16040.5,38.43,0,0.42
477,Shaanxi,2015,284.02510629303083,257.88795670690496,3846.0,17898.8,41.42,1,0.42
478,Qinghai,2015,51.35641677951604,61.635353445271505,577.0,2011.0,5.63,1,0.42
479,Heilongjiang,2015,273.27781006345595,267.6493406342527,3529.0,11690.0,43.16,1,0.42
480,Shanghai,2016,194.7097847273696,268.26178109399194,2467.0,29887.0,10.74,0,2.7
481,Yunnan,2016,183.8846088813828,195.31638096723088,4677.0,16369.0,50.03,0,2.7
482,InnerMongolia,2016,606.1074963777232,723.3784694124143,2436.0,13789.3,21.03,1,2.7
483,Beijing,2016,89.98181302654037,148.95432878717054,2195.0,27041.2,35.84,1,2.7
484,Jilin,2016,201.39404733511125,229.43769394389065,2567.0,10427.0,40.38,1,2.7
485,Sichuan,2016,319.09752066659007,335.87715985006815,8251.0,33138.5,35.22,0,2.7
486,Tianjin,2016,148.94587117096106,170.25111899642928,1443.0,11477.2,9.87,0,2.7
487,Ningxia,2016,139.49294795748048,172.17376097357345,695.0,2781.4,11.89,1,2.7
488,Anhui,2016,376.14539002259534,414.88037016492063,6033.0,26307.7,27.53,0,2.7
489,Shandong,2016,863.425555855365,935.013265076255,9973.0,58762.5,16.73,1,2.7
490,Shanxi,2016,474.5636640007726,545.8003470623354,3514.0,11946.4,18.03,1,2.7
491,Guangdong,2016,530.3154177990624,684.2077662476088,11908.0,82163.2,51.26,0,2.7
492,Guangxi,2016,216.80433197036365,229.6838762035394,4857.0,16116.6,56.51,0,2.7
493,Xinjiang,2016,373.6125061167255,397.67971237536676,2428.0,9630.8,4.24,1,2.7
494,Jiangsu,2016,743.0444139078165,836.8976032367937,8381.0,77350.9,15.8,0,2.7
495,Jiangxi,2016,219.10257142084856,228.56617932607855,4496.0,18388.6,60.01,0,2.7
496,Hebei,2016,807.5593416439051,869.3437387537141,7375.0,28474.1,23.41,1,2.7
497,Henan,2016,521.4719004537517,578.8253904793894,9778.0,40249.3,21.5,0,2.7
498,Zhejiang,2016,374.5719106426777,456.0721626318965,6072.0,47254.0,59.07,0,2.7
499,Hainan,2016,39.85458766436417,39.94594334914824,957.0,4090.2,55.38,0,2.7
500,Hubei,2016,319.7620181622834,373.4200596129912,5885.0,33353.0,38.4,0,2.7
501,Hunan,2016,308.0897408342067,332.59925714121266,6625.0,30853.5,47.77,0,2.7
502,Gansu,2016,153.935134115742,177.13160578376412,2520.0,6907.9,11.28,1,2.7
503,Fujian,2016,217.9265191644803,219.956075085878,4016.0,29609.4,65.95,0,2.7
504,Guizhou,2016,250.96647495997993,284.3471893496218,3758.0,11792.4,37.09,0,2.7
505,Liaoning,2016,480.4690923387396,559.46751902923,4327.0,20392.5,38.24,1,2.7
506,Chongqing,2016,156.5819731586089,182.40059260286367,3110.0,18023.0,38.43,0,2.7
507,Shaanxi,2016,272.28874320480895,307.70386770617404,3874.0,19045.8,41.42,1,2.7
508,Qinghai,2016,56.67169684743422,68.91605759485205,582.0,2258.2,5.63,1,2.7
509,Heilongjiang,2016,277.68073521544943,296.05489765910926,3463.0,11895.0,43.16,1,2.7
510,Shanghai,2017,196.1535085486939,264.21335280479593,2466.0,32925.0,10.74,0,1.42
511,Yunnan,2017,199.0088985348909,187.71064520831942,4693.0,18486.0,50.03,0,1.42
512,InnerMongolia,2017,656.8468477973454,524.0377407340236,2433.0,14898.1,21.03,1,1.42
513,Beijing,2017,85.56048932600464,152.18914136414475,2194.0,29883.0,35.84,1,1.42
514,Jilin,2017,204.33600824101936,198.48204943521685,2526.0,10922.0,40.38,1,1.42
515,Sichuan,2017,318.84077146425136,312.694727185593,8289.0,37905.1,35.22,0,1.42
516,Tianjin,2017,143.99098714969602,166.6289517771781,1410.0,12450.6,9.87,0,1.42
517,Ningxia,2017,178.62443190328997,151.05442342498768,705.0,3200.3,11.89,1,1.42
518,Anhui,2017,382.21644100958713,346.4509298931183,6057.0,29676.2,27.53,0,1.42
519,Shandong,2017,835.8190472272281,891.4382206914812,10033.0,63012.1,16.73,1,1.42
520,Shanxi,2017,508.5884542033445,449.37815867929396,3510.0,14484.3,18.03,1,1.42
521,Guangdong,2017,556.8590168754581,771.9410837276226,12141.0,91648.7,51.26,0,1.42
522,Guangxi,2017,227.8915836219169,238.41659023022314,4907.0,17790.7,56.51,0,1.42
523,Xinjiang,2017,407.7560884917333,379.79577018794186,2480.0,11159.9,4.24,1,1.42
524,Jiangsu,2017,757.8805057581361,849.2813097895958,8423.0,85869.8,15.8,0,1.42
525,Jiangxi,2017,228.97960300777532,242.24912119827033,4511.0,20210.8,60.01,0,1.42
526,Hebei,2017,792.3257699613439,877.6575432673926,7409.0,30640.8,23.41,1,1.42
527,Henan,2017,501.855728451092,554.6909201113525,9829.0,44824.9,21.5,0,1.42
528,Zhejiang,2017,384.5641900753127,478.2056139549143,6170.0,52403.1,59.07,0,1.42
529,Hainan,2017,42.15659197781648,42.14213981650452,972.0,4497.5,55.38,0,1.42
530,Hubei,2017,331.61277739017004,337.52666171124423,5904.0,37235.0,38.4,0,1.42
531,Hunan,2017,323.6580479566996,342.2319907961584,6633.0,33828.1,47.77,0,1.42
532,Gansu,2017,151.95866860430047,155.18146605654405,2522.0,7336.7,11.28,1,1.42
533,Fujian,2017,234.96980062969737,232.38259671599522,4065.0,33842.4,65.95,0,1.42
534,Guizhou,2017,257.6577660633249,226.2171212471573,3803.0,13605.4,37.09,0,1.42
535,Liaoning,2017,496.8324353193647,538.0107728756038,4312.0,21693.0,38.24,1,1.42
536,Chongqing,2017,160.5497658546952,187.747121888497,3144.0,20066.3,38.43,0,1.42
537,Shaanxi,2017,274.0296391854783,265.29500224158943,3904.0,21473.5,41.42,1,1.42
538,Qinghai,2017,53.486151107458284,63.6171109270302,586.0,2465.1,5.63,1,1.42
539,Heilongjiang,2017,276.9108443905162,276.38586988376875,3399.0,12313.0,43.16,1,1.42
540,Shanghai,2018,190.64161042853152,264.31865198199876,2475.0,36011.8,10.74,0,1.65
541,Yunnan,2018,212.24411148453342,197.73814267401815,4703.0,20880.6,50.03,0,1.65
542,InnerMongolia,2018,723.5685630927471,589.4405368313237,2422.0,16140.8,21.03,1,1.65
543,Beijing,2018,88.40908324515155,157.02201240545708,2192.0,33106.0,35.84,1,1.65
544,Jilin,2018,196.24728908611723,190.73943139502833,2484.0,11253.8,40.38,1,1.65
545,Sichuan,2018,296.3125428411214,294.9127551071312,8321.0,42902.1,35.22,0,1.65
546,Tianjin,2018,154.33674979236582,175.40198746438222,1383.0,13362.9,9.87,0,1.65
547,Ningxia,2018,191.58903802934753,158.88810329665048,710.0,3510.2,11.89,1,1.65
548,Anhui,2018,398.9842765344462,361.04924945075965,6076.0,34010.9,27.53,0,1.65
549,Shandong,2018,901.6468051833427,970.1515746769456,10077.0,66648.9,16.73,1,1.65
550,Shanxi,2018,541.7962858082642,473.7814042722365,3502.0,15958.1,18.03,1,1.65
551,Guangdong,2018,567.5069585930127,730.1695218203341,12348.0,99945.2,51.26,0,1.65
552,Guangxi,2018,231.83285536229562,244.08558721018042,4947.0,19627.8,56.51,0,1.65
553,Xinjiang,2018,421.4225503858715,390.6033344146383,2520.0,12809.4,4.24,1,1.65
554,Jiangsu,2018,764.0493126731385,869.3965283870305,8446.0,93207.6,15.8,0,1.65
555,Jiangxi,2018,236.6292847725986,251.29446583850958,4513.0,22716.5,60.01,0,1.65
556,Hebei,2018,912.2043156737283,988.7650010895303,7426.0,32494.6,23.41,1,1.65
557,Henan,2018,490.6781653172248,550.217577964784,9864.0,49935.9,21.5,0,1.65
558,Zhejiang,2018,388.8253375175784,501.24205764305657,6273.0,58002.8,59.07,0,1.65
559,Hainan,2018,42.193660219001984,42.36451034549087,982.0,4910.7,55.38,0,1.65
560,Hubei,2018,329.07752761537097,322.6538789279341,5917.0,42022.0,38.4,0,1.65
561,Hunan,2018,305.9705698541212,329.8454587069237,6635.0,36329.7,47.77,0,1.65
562,Gansu,2018,162.9903190363825,167.10772289816896,2515.0,8104.1,11.28,1,1.65
563,Fujian,2018,261.4556089768568,255.4106797300404,4104.0,38687.8,65.95,0,1.65
564,Guizhou,2018,252.99062400739118,222.3181994496585,3822.0,15353.2,37.09,0,1.65
565,Liaoning,2018,521.0027786109881,566.5496885772686,4291.0,23510.5,38.24,1,1.65
566,Chongqing,2018,160.6043319295886,194.29607767911955,3163.0,21588.8,38.43,0,1.65
567,Shaanxi,2018,276.165925723287,275.53557001606913,3931.0,23941.9,41.42,1,1.65
568,Qinghai,2018,51.9379739318779,58.901070544062904,587.0,2748.0,5.63,1,1.65
569,Heilongjiang,2018,248.28102519313492,214.28485570448692,3327.0,12846.5,43.16,1,1.65
570,Shanghai,2019,192.91218220216575,268.6179242614334,2481.0,37987.6,14.04,0,3.71
571,Yunnan,2019,185.95592011337283,171.2787543709429,4714.0,23223.8,55.04,0,3.71
572,InnerMongolia,2019,794.279374871464,643.1211734244299,2415.0,17212.5,22.1,1,3.71
573,Beijing,2019,88.15543680294941,157.7294477394373,2190.0,35445.1,43.77,1,3.71
574,Jilin,2019,203.66156128832287,196.51043741774185,2448.0,11726.8,41.49,1,3.71
575,Sichuan,2019,315.16335513633845,312.5096042780087,8351.0,46363.8,38.03,0,3.71
576,Tianjin,2019,158.46648203981863,180.84886818429356,1385.0,14055.5,12.07,0,3.71
577,Ningxia,2019,212.41378355333543,175.26167054217524,717.0,3748.5,12.63,1,3.71
578,Anhui,2019,408.06434106990173,375.54982962682294,6092.0,36845.5,28.65,0,3.71
579,Shandong,2019,937.116922173565,1028.410915479849,10106.0,70540.5,17.51,1,3.71
580,Shanxi,2019,566.4842509996043,498.24769589413376,3497.0,16961.6,20.5,1,3.71
581,Guangdong,2019,585.8105305848984,755.6542536146868,12489.0,107986.9,53.52,0,3.71
582,Guangxi,2019,246.71670901614,258.6647121138892,4982.0,21237.1,60.17,0,3.71
583,Xinjiang,2019,455.2745744376065,413.93912440629884,2559.0,13597.1,4.87,1,3.71
584,Jiangsu,2019,804.5942139320438,918.0039738233024,8469.0,98656.8,15.2,0,3.71
585,Jiangxi,2019,242.3082564978318,257.8827626075718,4516.0,24667.3,61.16,0,3.71
586,Hebei,2019,914.2091182203847,995.5025388206313,7447.0,34978.6,26.78,1,3.71
587,Henan,2019,460.6308192655039,531.0995700464174,9901.0,53717.8,24.14,0,3.71
588,Zhejiang,2019,381.40721571023397,506.7706112318449,6375.0,62462.0,59.43,0,3.71
589,Hainan,2019,43.06708425577868,44.04384837662599,995.0,5330.8,57.36,0,3.71
590,Hubei,2019,354.7524714873529,346.36169445802665,5927.0,45429.0,39.61,0,3.71
591,Hunan,2019,310.6416664583151,345.49077047954296,6640.0,39894.1,49.69,0,3.71
592,Gansu,2019,164.48840264265556,171.96995200972782,2509.0,8718.3,11.33,1,3.71
593,Fujian,2019,278.1092921207489,271.440088972754,4137.0,42326.6,66.8,0,3.71
594,Guizhou,2019,261.12923527405553,226.64536197186175,3848.0,16769.3,43.77,0,3.71
595,Liaoning,2019,533.3884358652839,583.1435357158877,4277.0,24855.3,39.24,1,3.71
596,Chongqing,2019,156.25467298724152,193.06319986270148,3188.0,23605.8,43.11,0,3.71
597,Shaanxi,2019,296.27254016679996,289.54776458130266,3944.0,25793.2,43.06,1,3.71
598,Qinghai,2019,51.75240333370681,57.1970320474788,590.0,2941.1,5.82,1,3.71
599,Heilongjiang,2019,278.2113376335984,274.1372894367264,3255.0,13544.4,43.78,1,3.71
